company_id,company_name,finished_product_id,finished_product_sku,source_key,candidate_key,source_display_name,candidate_display_name,recommendation_grade,final_score,acceptability,substitute_score,sourcing_benefit,source_supplier_count,candidate_supplier_count,company_supplier_overlap,concentration_relief,current_suppliers,recommended_suppliers,review_required,tradeoff_summary,risk_notes,caveats,citations,decision_path,llm_model,generated_at
40,PRIME HYDRATION+,58,FG-amazon-b0ft5z9k9n,cyanocobalamin-vitamin-b12,vitamin-b12-cyanocobalamin,cyanocobalamin vitamin b12,vitamin b12 cyanocobalamin,safe_to_consolidate,0.8323,0.8923,0.9794,0.4833,2,2,1.0,0.0,"[""Prinova USA"", ""PureBulk""]","[""Prinova USA"", ""PureBulk""]",False,"The recommended candidate for cyanocobalamin vitamin B12 is deemed safe to consolidate. While the sourcing benefit is moderate at 0.48, it is essential to ensure that certification documentation, quality sensory evaluation, and certification verification are completed. Please initiate the necessary steps to gather these requirements.","[""Requires certification documentation"", ""Requires quality sensory evaluation"", ""Requires certification verification""]","[""requires certification documentation"", ""requires quality sensory evaluation""]","[""https://en.wikipedia.org/wiki/Cyanocobalamin"", ""https://redox.com/products/vitamin-b12-cyanocobalamin-99-min/"", ""https://www.bulksupplements.com/products/vitamin-b12-1-percent-cyanocobalamin-powder?srsltid=AfmBOoqbh4Hmg3qBd5hwDTVEUNA69ADhdnTUL6aGv6enMEKF4sKgINhv"", ""https://www.ncbi.nlm.nih.gov/books/NBK555964/""]",llm,gpt-4o-mini,2026-04-18T07:06:44.335377+00:00
62,up&up,96,FG-target-a-90043361,cyanocobalamin-vitamin-b12,vitamin-b12-cyanocobalamin,cyanocobalamin vitamin b12,vitamin b12 cyanocobalamin,safe_to_consolidate,0.8323,0.8923,0.9794,0.4833,2,2,1.0,0.0,"[""Prinova USA"", ""PureBulk""]","[""Prinova USA"", ""PureBulk""]",False,"The recommended candidate for cyanocobalamin vitamin B12 is deemed safe to consolidate. While the sourcing benefit is moderate at 0.48, it is essential to ensure that certification documentation, quality sensory evaluation, and certification verification are completed. Please initiate the necessary steps to gather these requirements.","[""Requires certification documentation"", ""Requires quality sensory evaluation"", ""Requires certification verification""]","[""requires certification verification""]","[""https://en.wikipedia.org/wiki/Cyanocobalamin"", ""https://redox.com/products/vitamin-b12-cyanocobalamin-99-min/"", ""https://www.bulksupplements.com/products/vitamin-b12-1-percent-cyanocobalamin-powder?srsltid=AfmBOoqbh4Hmg3qBd5hwDTVEUNA69ADhdnTUL6aGv6enMEKF4sKgINhv"", ""https://www.ncbi.nlm.nih.gov/books/NBK555964/""]",llm,gpt-4o-mini,2026-04-18T07:06:44.335377+00:00
40,PRIME HYDRATION+,58,FG-amazon-b0ft5z9k9n,cyanocobalamin-vitamin-b12,vitamin-b12,cyanocobalamin vitamin b12,vitamin b12,safe_to_consolidate,0.8114,0.88,0.923,0.4833,2,2,1.0,0.0,"[""Prinova USA"", ""PureBulk""]","[""Prinova USA"", ""PureBulk""]",False,"Consolidation looks safe: swap cyanocobalamin vitamin b12 for vitamin b12. Acceptability 0.88, sourcing benefit 0.48. Source suppliers: 2, candidate suppliers: 2, company overlap: 100%.",[],[],"[""https://legerepharm.com/blog/comparing-forms-of-vitamin-b12-cyanocobalamin-vs-methylcobalamin-for-clinical-use/"", ""https://www.boltpharmacy.co.uk/guide/b12-methylcobalamin-vs-b12-cyanocobalamin"", ""https://www.accio.com/plp/halal-b12-vitamins"", ""https://reliancevitamin.com/certifications-of-quality/"", ""https://www.fda.gov/media/117106/download"", ""https://www.linkedin.com/posts/globalregulatoryintelligence_regulatorycompliance-vitaminb12-supplements-activity-7331287764342059008-c7kn""]",rules,,2026-04-18T07:06:44.331884+00:00
62,up&up,96,FG-target-a-90043361,cyanocobalamin-vitamin-b12,vitamin-b12,cyanocobalamin vitamin b12,vitamin b12,safe_to_consolidate,0.8114,0.88,0.923,0.4833,2,2,1.0,0.0,"[""Prinova USA"", ""PureBulk""]","[""Prinova USA"", ""PureBulk""]",False,"Consolidation looks safe: swap cyanocobalamin vitamin b12 for vitamin b12. Acceptability 0.88, sourcing benefit 0.48. Source suppliers: 2, candidate suppliers: 2, company overlap: 100%.",[],[],"[""https://legerepharm.com/blog/comparing-forms-of-vitamin-b12-cyanocobalamin-vs-methylcobalamin-for-clinical-use/"", ""https://www.boltpharmacy.co.uk/guide/b12-methylcobalamin-vs-b12-cyanocobalamin"", ""https://www.accio.com/plp/halal-b12-vitamins"", ""https://reliancevitamin.com/certifications-of-quality/"", ""https://www.fda.gov/media/117106/download"", ""https://www.linkedin.com/posts/globalregulatoryintelligence_regulatorycompliance-vitaminb12-supplements-activity-7331287764342059008-c7kn""]",rules,,2026-04-18T07:06:44.331884+00:00
40,PRIME HYDRATION+,58,FG-amazon-b0ft5z9k9n,cyanocobalamin-vitamin-b12,cyanocobalamin,cyanocobalamin vitamin b12,cyanocobalamin,safe_to_consolidate,0.7852,0.835,0.9171,0.4833,2,2,1.0,0.0,"[""Prinova USA"", ""PureBulk""]","[""Prinova USA"", ""PureBulk""]",False,"Consolidation looks safe: swap cyanocobalamin vitamin b12 for cyanocobalamin. Acceptability 0.83, sourcing benefit 0.48. Source suppliers: 2, candidate suppliers: 2, company overlap: 100%.",[],[],"[""https://legerepharm.com/blog/comparing-forms-of-vitamin-b12-cyanocobalamin-vs-methylcobalamin-for-clinical-use/"", ""https://www.sigmaaldrich.com/US/en/product/sial/phr1234?srsltid=AfmBOoom00qmwIj9PcZMNTgd232hSibtYJ8gH4KBT1EDbkIghlmtme-0"", ""https://www.ncbi.nlm.nih.gov/books/NBK555964/"", ""https://www.pharmacompass.com/manufacturers-suppliers-exporters/cyanocobalamin"", ""https://www.sciencedirect.com/topics/biochemistry-genetics-and-molecular-biology/cyanocobalamin"", ""https://www.pharmacychecker.com/cyanocobalamin/""]",rules,,2026-04-18T07:06:44.331884+00:00
62,up&up,96,FG-target-a-90043361,cyanocobalamin-vitamin-b12,cyanocobalamin,cyanocobalamin vitamin b12,cyanocobalamin,safe_to_consolidate,0.7852,0.835,0.9171,0.4833,2,2,1.0,0.0,"[""Prinova USA"", ""PureBulk""]","[""Prinova USA"", ""PureBulk""]",False,"Consolidation looks safe: swap cyanocobalamin vitamin b12 for cyanocobalamin. Acceptability 0.83, sourcing benefit 0.48. Source suppliers: 2, candidate suppliers: 2, company overlap: 100%.",[],[],"[""https://legerepharm.com/blog/comparing-forms-of-vitamin-b12-cyanocobalamin-vs-methylcobalamin-for-clinical-use/"", ""https://www.sigmaaldrich.com/US/en/product/sial/phr1234?srsltid=AfmBOoom00qmwIj9PcZMNTgd232hSibtYJ8gH4KBT1EDbkIghlmtme-0"", ""https://www.ncbi.nlm.nih.gov/books/NBK555964/"", ""https://www.pharmacompass.com/manufacturers-suppliers-exporters/cyanocobalamin"", ""https://www.sciencedirect.com/topics/biochemistry-genetics-and-molecular-biology/cyanocobalamin"", ""https://www.pharmacychecker.com/cyanocobalamin/""]",rules,,2026-04-18T07:06:44.331884+00:00
40,PRIME HYDRATION+,58,FG-amazon-b0ft5z9k9n,pyridoxine-hydrochloride-vitamin-b6,vitamin-b6,pyridoxine hydrochloride vitamin b6,vitamin b6,safe_to_consolidate,0.7922,0.8533,0.9046,0.4833,2,2,1.0,0.0,"[""Prinova USA"", ""PureBulk""]","[""Prinova USA"", ""PureBulk""]",False,"The recommended candidate, vitamin B6, has been assessed as safe to consolidate. With an acceptability score of 0.85 and a sourcing benefit of 0.48, this option presents a favorable trade-off. Please proceed with discussions with the current suppliers, Prinova USA and PureBulk, to finalize the consolidation.",[],[],"[""https://www.ncbi.nlm.nih.gov/books/NBK557436/"", ""https://www.kantipurhealth.com/NOW-Foods-Vitamin-B-6-100-Mg-100-Vegetable-Capsules-Non-GMO/1000878"", ""https://www.efsa.europa.eu/en/press/news/160624""]",llm,gpt-4o-mini,2026-04-18T07:06:48.831887+00:00
62,up&up,96,FG-target-a-90043361,pyridoxine-hydrochloride-vitamin-b6,vitamin-b6,pyridoxine hydrochloride vitamin b6,vitamin b6,safe_to_consolidate,0.7922,0.8533,0.9046,0.4833,2,2,1.0,0.0,"[""Prinova USA"", ""PureBulk""]","[""Prinova USA"", ""PureBulk""]",False,"The recommended candidate, vitamin B6, has been assessed as safe to consolidate. With an acceptability score of 0.85 and a sourcing benefit of 0.48, this option presents a favorable trade-off. Please proceed with discussions with the current suppliers, Prinova USA and PureBulk, to finalize the consolidation.",[],[],"[""https://www.ncbi.nlm.nih.gov/books/NBK557436/"", ""https://www.kantipurhealth.com/NOW-Foods-Vitamin-B-6-100-Mg-100-Vegetable-Capsules-Non-GMO/1000878"", ""https://www.efsa.europa.eu/en/press/news/160624""]",llm,gpt-4o-mini,2026-04-18T07:06:48.831887+00:00
40,PRIME HYDRATION+,58,FG-amazon-b0ft5z9k9n,pyridoxine-hydrochloride-vitamin-b6,vitamin-b6-pyridoxine-hydrochloride,pyridoxine hydrochloride vitamin b6,vitamin b6 pyridoxine hydrochloride,safe_to_consolidate,0.7708,0.7818,0.9765,0.4833,2,2,1.0,0.0,"[""Prinova USA"", ""PureBulk""]","[""Prinova USA"", ""PureBulk""]",False,"Consolidation looks safe: swap pyridoxine hydrochloride vitamin b6 for vitamin b6 pyridoxine hydrochloride. Acceptability 0.78, sourcing benefit 0.48. Source suppliers: 2, candidate suppliers: 2, company overlap: 100%. Caveat: requires fresh regulatory sign-off",[],"[""requires fresh regulatory sign-off""]","[""https://www.nutriavenue.com/vb6-pyridoxine-hcl-powder-applications/"", ""https://www.sciencedirect.com/topics/chemistry/pyridoxine-hydrochloride"", ""https://www.dastech.com/apis-and-pharmaceuticals/pyridoxine-hydrochloride-vitamin-b6"", ""https://www.glenwellhealthcare.com/herbal-product-manufacturers/Vitamin-B6-Pyridoxine-API-Manufacturer/"", ""https://www.spectrumrx.com/media/sd/PY103_SD.pdf""]",llm,gpt-4o-mini,2026-04-18T07:06:44.331884+00:00
62,up&up,96,FG-target-a-90043361,pyridoxine-hydrochloride-vitamin-b6,vitamin-b6-pyridoxine-hydrochloride,pyridoxine hydrochloride vitamin b6,vitamin b6 pyridoxine hydrochloride,safe_to_consolidate,0.7708,0.7818,0.9765,0.4833,2,2,1.0,0.0,"[""Prinova USA"", ""PureBulk""]","[""Prinova USA"", ""PureBulk""]",False,"Consolidation looks safe: swap pyridoxine hydrochloride vitamin b6 for vitamin b6 pyridoxine hydrochloride. Acceptability 0.78, sourcing benefit 0.48. Source suppliers: 2, candidate suppliers: 2, company overlap: 100%. Caveat: requires fresh regulatory sign-off",[],"[""requires fresh regulatory sign-off""]","[""https://www.nutriavenue.com/vb6-pyridoxine-hcl-powder-applications/"", ""https://www.sciencedirect.com/topics/chemistry/pyridoxine-hydrochloride"", ""https://www.dastech.com/apis-and-pharmaceuticals/pyridoxine-hydrochloride-vitamin-b6"", ""https://www.glenwellhealthcare.com/herbal-product-manufacturers/Vitamin-B6-Pyridoxine-API-Manufacturer/"", ""https://www.spectrumrx.com/media/sd/PY103_SD.pdf""]",llm,gpt-4o-mini,2026-04-18T07:06:44.331884+00:00
40,PRIME HYDRATION+,58,FG-amazon-b0ft5z9k9n,pyridoxine-hydrochloride-vitamin-b6,vitamin-b6-pyridoxal-5-phosphate,pyridoxine hydrochloride vitamin b6,vitamin b6 pyridoxal 5 phosphate,safe_to_consolidate,0.7491,0.78,0.8938,0.4833,2,2,1.0,0.0,"[""Prinova USA"", ""PureBulk""]","[""Prinova USA"", ""PureBulk""]",False,"Consolidation looks safe: swap pyridoxine hydrochloride vitamin b6 for vitamin b6 pyridoxal 5 phosphate. Acceptability 0.78, sourcing benefit 0.48. Source suppliers: 2, candidate suppliers: 2, company overlap: 100%.",[],[],"[""https://www.nutriavenue.com/pyridoxal-5-phosphate-vs-pyridoxine-hcl/"", ""https://thornevet.com/glossary/vitamin-b6-pyridoxine-hcl-pyridoxal-5-phosphate/"", ""https://www.ecahealthcareusa.com/products-solutions/coenzymes-vitamins/pyridoxal-5-phosphate/"", ""https://www.foodsweeteners.com/halal-certified-vitamin-b6/"", ""https://www.fda.gov/media/117106/download"", ""https://www.fda.gov/food/food-ingredients-packaging/generally-recognized-safe-gras"", ""https://vivion.com/bulk-pyridoxal-5-phosphate-supplier/"", ""https://biogenicfoods.com/pyridoxal-5-phosphate-p5p-vitamin-b6-100-pure-powder-bulk-pack/?srsltid=AfmBOopAUVAOslXYvyEdGfEv5msVUssXjR_z1ZMSCgERP_JgSQx29d30"", ""https://www.ncbi.nlm.nih.gov/pmc/articles/PMC11528956/"", ""https://dataintelo.com/report/pyridoxal-5-phosphate-supplements-market""]",rules,,2026-04-18T07:06:44.331884+00:00
62,up&up,96,FG-target-a-90043361,pyridoxine-hydrochloride-vitamin-b6,vitamin-b6-pyridoxal-5-phosphate,pyridoxine hydrochloride vitamin b6,vitamin b6 pyridoxal 5 phosphate,safe_to_consolidate,0.7491,0.78,0.8938,0.4833,2,2,1.0,0.0,"[""Prinova USA"", ""PureBulk""]","[""Prinova USA"", ""PureBulk""]",False,"Consolidation looks safe: swap pyridoxine hydrochloride vitamin b6 for vitamin b6 pyridoxal 5 phosphate. Acceptability 0.78, sourcing benefit 0.48. Source suppliers: 2, candidate suppliers: 2, company overlap: 100%.",[],[],"[""https://www.nutriavenue.com/pyridoxal-5-phosphate-vs-pyridoxine-hcl/"", ""https://thornevet.com/glossary/vitamin-b6-pyridoxine-hcl-pyridoxal-5-phosphate/"", ""https://www.ecahealthcareusa.com/products-solutions/coenzymes-vitamins/pyridoxal-5-phosphate/"", ""https://www.foodsweeteners.com/halal-certified-vitamin-b6/"", ""https://www.fda.gov/media/117106/download"", ""https://www.fda.gov/food/food-ingredients-packaging/generally-recognized-safe-gras"", ""https://vivion.com/bulk-pyridoxal-5-phosphate-supplier/"", ""https://biogenicfoods.com/pyridoxal-5-phosphate-p5p-vitamin-b6-100-pure-powder-bulk-pack/?srsltid=AfmBOopAUVAOslXYvyEdGfEv5msVUssXjR_z1ZMSCgERP_JgSQx29d30"", ""https://www.ncbi.nlm.nih.gov/pmc/articles/PMC11528956/"", ""https://dataintelo.com/report/pyridoxal-5-phosphate-supplements-market""]",rules,,2026-04-18T07:06:44.331884+00:00
40,PRIME HYDRATION+,58,FG-amazon-b0ft5z9k9n,retinyl-palmitate-vitamin-a,vitamin-a-retinyl-palmitate,retinyl palmitate vitamin a,vitamin a retinyl palmitate,safe_to_consolidate,0.8019,0.8364,0.9808,0.4833,2,2,1.0,0.0,"[""Prinova USA"", ""PureBulk""]","[""Prinova USA"", ""PureBulk""]",False,"Consolidation looks safe: swap retinyl palmitate vitamin a for vitamin a retinyl palmitate. Acceptability 0.84, sourcing benefit 0.48. Source suppliers: 2, candidate suppliers: 2, company overlap: 100%. Caveat: requires fresh regulatory sign-off",[],"[""requires fresh regulatory sign-off""]","[""https://en.wikipedia.org/wiki/Retinyl_palmitate"", ""https://royed.in/conversion-of-vitamin-a-retinol-to-vitamin-a-palmitate/"", ""https://www.pharmacompass.com/manufacturers-suppliers-exporters/vitamin-a-palmitate"", ""https://www.caymanchem.com/product/23796/retinyl-palmitate?srsltid=AfmBOopX8Mfql-xAQMu4qvcpTpF_2zFzmW9yPkgsMBQdTCAhALtQ6YG9"", ""https://www.makingcosmetics.com/on/demandware.static/-/Sites-makingcosmetics-master/default/dw562252d7/certificate-of-analysis/coa-vitamin-a-retinyl-palmitate2.pdf""]",llm,gpt-4o-mini,2026-04-18T07:06:44.331884+00:00
40,PRIME HYDRATION+,58,FG-amazon-b0ft5z9k9n,retinyl-palmitate-vitamin-a,vitamin-a-acetate,retinyl palmitate vitamin a,vitamin a acetate,safe_to_consolidate,0.7869,0.8533,0.8836,0.4833,2,2,1.0,0.0,"[""Prinova USA"", ""PureBulk""]","[""Prinova USA"", ""PureBulk""]",False,"The recommended substitute, vitamin A acetate, has been graded as safe to consolidate. With an acceptability score of 0.85 and a sourcing benefit of 0.48, this transition appears favorable. Please proceed with discussions with current suppliers, Prinova USA and PureBulk, to implement this change.",[],[],"[""https://en.wikipedia.org/wiki/Retinyl_acetate"", ""https://health.ec.europa.eu/publications/vitamin-retinol-retinyl-acetate-retinyl-palmitate_en"", ""https://www.nutriavenue.com/ingredients/best-vitamin-a-acetate-powder/"", ""https://www.richtekltd.com/FishOil_05_06201630_6_06251011_567_06301112_751_07021406_560"", ""https://www.fda.gov/food/food-ingredients-packaging/generally-recognized-safe-gras"", ""https://www.thegoodscentscompany.com/data/rw1309561.html""]",llm,gpt-4o-mini,2026-04-18T07:06:53.585164+00:00
40,PRIME HYDRATION+,58,FG-amazon-b0ft5z9k9n,retinyl-palmitate-vitamin-a,vitamin-a,retinyl palmitate vitamin a,vitamin a,safe_to_consolidate,0.7526,0.7867,0.893,0.4833,2,2,1.0,0.0,"[""Prinova USA"", ""PureBulk""]","[""Prinova USA"", ""PureBulk""]",False,"Consolidation looks safe: swap retinyl palmitate vitamin a for vitamin a. Acceptability 0.79, sourcing benefit 0.48. Source suppliers: 2, candidate suppliers: 2, company overlap: 100%.",[],[],"[""https://en.wikipedia.org/wiki/Retinyl_palmitate"", ""https://reliancevitamin.com/certifications-of-quality/"", ""https://www.fda.gov/food/food-ingredients-packaging/generally-recognized-safe-gras""]",rules,,2026-04-18T07:06:44.331884+00:00
44,Ritual,21,FG-thrive-market-ritual-mens-multivitamin-18,vitamin-a-retinyl-palmitate,retinyl-palmitate-vitamin-a,vitamin a retinyl palmitate,retinyl palmitate vitamin a,safe_to_consolidate,0.7892,0.8133,0.9808,0.4833,2,2,1.0,0.0,"[""Prinova USA"", ""PureBulk""]","[""Prinova USA"", ""PureBulk""]",False,"The recommended candidate, retinyl palmitate vitamin a, has been graded as safe to consolidate. With an acceptability score of 0.81 and a sourcing benefit of 0.48, this option presents a favorable trade-off for our procurement strategy. Please proceed with finalizing the sourcing arrangements with Prinova USA and PureBulk.",[],[],"[""https://xtendlife.com/blogs/supplement-ingredients/vitamin-a-retinyl-palmitate?srsltid=AfmBOorvDnGsQ6X86QUEjQDd743EltO7wHIGM00177DtDYK2uR6txSA8"", ""https://en.wikipedia.org/wiki/Retinyl_palmitate"", ""https://www.amazon.com/Green-Organic-Supplements-Vitamin-Palmitate/dp/B07W6N31GD"", ""https://www.amazon.com/Capsules-Supplement-Peak-Performance-Vitamins/dp/B084RDGLFD"", ""https://www.ecfr.gov/current/title-21/chapter-I/subchapter-B/part-184/subpart-B/section-184.1930"", ""https://health.ec.europa.eu/document/download/f1881bcd-ee58-4d42-9701-3feaaa26de61_en""]",llm,gpt-4o-mini,2026-04-18T07:06:51.419712+00:00
44,Ritual,21,FG-thrive-market-ritual-mens-multivitamin-18,vitamin-a-retinyl-palmitate,vitamin-a,vitamin a retinyl palmitate,vitamin a,safe_to_consolidate,0.7623,0.8,0.9025,0.4833,2,2,1.0,0.0,"[""Prinova USA"", ""PureBulk""]","[""Prinova USA"", ""PureBulk""]",False,"Consolidation looks safe: swap vitamin a retinyl palmitate for vitamin a. Acceptability 0.80, sourcing benefit 0.48. Source suppliers: 2, candidate suppliers: 2, company overlap: 100%.",[],[],"[""https://health.ec.europa.eu/document/download/f1881bcd-ee58-4d42-9701-3feaaa26de61_en"", ""https://www.amerigoscientific.com/vitamin-a-palmitate-benefits-applications-and-scientific-insights.html?srsltid=AfmBOorBWR1zaKfm7KV7oKQzgmxPgslJLu3BhRW5DqipF6G0Oajo9ARa"", ""https://www.robinsonpharma.com/vitamin-a-manufacturers-you-should-know/"", ""https://www.originnutra.com/certifications"", ""https://www.fda.gov/food/food-ingredients-packaging/generally-recognized-safe-gras"", ""https://www.thomasnet.com/articles/top-suppliers/vitamin-a-manufacturers-suppliers/"", ""https://www.brenntag.com/en-us/products/vitamin-a.html"", ""https://finance.yahoo.com/news/global-vitamin-market-trends-forecasts-090700894.html""]",rules,,2026-04-18T07:06:44.331884+00:00
44,Ritual,21,FG-thrive-market-ritual-mens-multivitamin-18,vitamin-a-retinyl-palmitate,vitamin-a-acetate,vitamin a retinyl palmitate,vitamin a acetate,safe_to_consolidate,0.7241,0.7333,0.8965,0.4833,2,2,1.0,0.0,"[""Prinova USA"", ""PureBulk""]","[""Prinova USA"", ""PureBulk""]",False,"Consolidation looks safe: swap vitamin a retinyl palmitate for vitamin a acetate. Acceptability 0.73, sourcing benefit 0.48. Source suppliers: 2, candidate suppliers: 2, company overlap: 100%.",[],[],"[""https://health.ec.europa.eu/publications/vitamin-retinol-retinyl-acetate-retinyl-palmitate_en"", ""https://www.sciencedirect.com/topics/neuroscience/retinol-acetate"", ""https://www.nutriavenue.com/ingredients/best-vitamin-a-acetate-powder/"", ""https://www.richtekltd.com/FishOil_05_06201630_6_06251011_567_06301112_751_07021406_560"", ""https://www.thegoodscentscompany.com/data/rw1309561.html"", ""https://www.fda.gov/food/food-ingredients-packaging/generally-recognized-safe-gras"", ""https://www.foodchem.com/product/vitamin-a-acetate/"", ""https://www.americaninternationalfoods.com/ingredient-categories/vitamins/acetate/"", ""https://www.researchgate.net/publication/220036788_Dietary_a-tocopheryl_acetate_supplementation_modifies_volatile_aldehyde_and_sensory_properties_of_dry-cured_hams""]",llm,gpt-4o-mini,2026-04-18T07:06:44.331884+00:00
27,Liquid I.V.,7,FG-iherb-105065,vitamin-b12-cyanocobalamin,cyanocobalamin-vitamin-b12,vitamin b12 cyanocobalamin,cyanocobalamin vitamin b12,safe_to_consolidate,0.8255,0.88,0.9794,0.4833,2,2,1.0,0.0,"[""Prinova USA"", ""PureBulk""]","[""Prinova USA"", ""PureBulk""]",False,"The recommended candidate for vitamin B12 cyanocobalamin is safe to consolidate, with an acceptability score of 0.88 and a sourcing benefit of 0.48. Both current and recommended suppliers remain the same: Prinova USA and PureBulk. Please proceed with the consolidation process.",[],[],"[""https://en.wikipedia.org/wiki/Cyanocobalamin"", ""https://www.healthline.com/nutrition/methylcobalamin-vs-cyanocobalamin"", ""https://www.spectrumchemical.com/media/sd/C1454_SD.pdf?srsltid=AfmBOoqcJL3ln7jxnSwKvmColUyi1cgQpt66ykREObaXjnDECsns8mrC"", ""https://www.richtekltd.com/FishOil_05_0620301_07_07291"", ""https://goodtoknowfacts.org/ingredient/vitamin-b12-cyanocobalamin"", ""https://pmc.ncbi.nlm.nih.gov/articles/PMC7009413/""]",llm,gpt-4o-mini,2026-04-18T07:06:46.647004+00:00
27,Liquid I.V.,36,FG-walmart-270357039,vitamin-b12-cyanocobalamin,cyanocobalamin-vitamin-b12,vitamin b12 cyanocobalamin,cyanocobalamin vitamin b12,safe_to_consolidate,0.8255,0.88,0.9794,0.4833,2,2,1.0,0.0,"[""Prinova USA"", ""PureBulk""]","[""Prinova USA"", ""PureBulk""]",False,"The recommended candidate for vitamin B12 cyanocobalamin is safe to consolidate, with an acceptability score of 0.88 and a sourcing benefit of 0.48. Both current and recommended suppliers remain the same: Prinova USA and PureBulk. Please proceed with the consolidation process.",[],[],"[""https://en.wikipedia.org/wiki/Cyanocobalamin"", ""https://www.healthline.com/nutrition/methylcobalamin-vs-cyanocobalamin"", ""https://www.spectrumchemical.com/media/sd/C1454_SD.pdf?srsltid=AfmBOoqcJL3ln7jxnSwKvmColUyi1cgQpt66ykREObaXjnDECsns8mrC"", ""https://www.richtekltd.com/FishOil_05_0620301_07_07291"", ""https://goodtoknowfacts.org/ingredient/vitamin-b12-cyanocobalamin"", ""https://pmc.ncbi.nlm.nih.gov/articles/PMC7009413/""]",llm,gpt-4o-mini,2026-04-18T07:06:46.647004+00:00
27,Liquid I.V.,101,FG-target-a-81806945,vitamin-b12-cyanocobalamin,cyanocobalamin-vitamin-b12,vitamin b12 cyanocobalamin,cyanocobalamin vitamin b12,safe_to_consolidate,0.8255,0.88,0.9794,0.4833,2,2,1.0,0.0,"[""Prinova USA"", ""PureBulk""]","[""Prinova USA"", ""PureBulk""]",False,"The recommended candidate for vitamin B12 cyanocobalamin is safe to consolidate, with an acceptability score of 0.88 and a sourcing benefit of 0.48. Both current and recommended suppliers remain the same: Prinova USA and PureBulk. Please proceed with the consolidation process.",[],[],"[""https://en.wikipedia.org/wiki/Cyanocobalamin"", ""https://www.healthline.com/nutrition/methylcobalamin-vs-cyanocobalamin"", ""https://www.spectrumchemical.com/media/sd/C1454_SD.pdf?srsltid=AfmBOoqcJL3ln7jxnSwKvmColUyi1cgQpt66ykREObaXjnDECsns8mrC"", ""https://www.richtekltd.com/FishOil_05_0620301_07_07291"", ""https://goodtoknowfacts.org/ingredient/vitamin-b12-cyanocobalamin"", ""https://pmc.ncbi.nlm.nih.gov/articles/PMC7009413/""]",llm,gpt-4o-mini,2026-04-18T07:06:46.647004+00:00
27,Liquid I.V.,129,FG-walgreens-300447518,vitamin-b12-cyanocobalamin,cyanocobalamin-vitamin-b12,vitamin b12 cyanocobalamin,cyanocobalamin vitamin b12,safe_to_consolidate,0.8255,0.88,0.9794,0.4833,2,2,1.0,0.0,"[""Prinova USA"", ""PureBulk""]","[""Prinova USA"", ""PureBulk""]",False,"The recommended candidate for vitamin B12 cyanocobalamin is safe to consolidate, with an acceptability score of 0.88 and a sourcing benefit of 0.48. Both current and recommended suppliers remain the same: Prinova USA and PureBulk. Please proceed with the consolidation process.",[],[],"[""https://en.wikipedia.org/wiki/Cyanocobalamin"", ""https://www.healthline.com/nutrition/methylcobalamin-vs-cyanocobalamin"", ""https://www.spectrumchemical.com/media/sd/C1454_SD.pdf?srsltid=AfmBOoqcJL3ln7jxnSwKvmColUyi1cgQpt66ykREObaXjnDECsns8mrC"", ""https://www.richtekltd.com/FishOil_05_0620301_07_07291"", ""https://goodtoknowfacts.org/ingredient/vitamin-b12-cyanocobalamin"", ""https://pmc.ncbi.nlm.nih.gov/articles/PMC7009413/""]",llm,gpt-4o-mini,2026-04-18T07:06:46.647004+00:00
27,Liquid I.V.,134,FG-walgreens-300411121,vitamin-b12-cyanocobalamin,cyanocobalamin-vitamin-b12,vitamin b12 cyanocobalamin,cyanocobalamin vitamin b12,safe_to_consolidate,0.8255,0.88,0.9794,0.4833,2,2,1.0,0.0,"[""Prinova USA"", ""PureBulk""]","[""Prinova USA"", ""PureBulk""]",False,"The recommended candidate for vitamin B12 cyanocobalamin is safe to consolidate, with an acceptability score of 0.88 and a sourcing benefit of 0.48. Both current and recommended suppliers remain the same: Prinova USA and PureBulk. Please proceed with the consolidation process.",[],[],"[""https://en.wikipedia.org/wiki/Cyanocobalamin"", ""https://www.healthline.com/nutrition/methylcobalamin-vs-cyanocobalamin"", ""https://www.spectrumchemical.com/media/sd/C1454_SD.pdf?srsltid=AfmBOoqcJL3ln7jxnSwKvmColUyi1cgQpt66ykREObaXjnDECsns8mrC"", ""https://www.richtekltd.com/FishOil_05_0620301_07_07291"", ""https://goodtoknowfacts.org/ingredient/vitamin-b12-cyanocobalamin"", ""https://pmc.ncbi.nlm.nih.gov/articles/PMC7009413/""]",llm,gpt-4o-mini,2026-04-18T07:06:46.647004+00:00
27,Liquid I.V.,7,FG-iherb-105065,vitamin-b12-cyanocobalamin,cyanocobalamin,vitamin b12 cyanocobalamin,cyanocobalamin,safe_to_consolidate,0.7892,0.85,0.9003,0.4833,2,2,1.0,0.0,"[""Prinova USA"", ""PureBulk""]","[""Prinova USA"", ""PureBulk""]",False,"Consolidation looks safe: swap vitamin b12 cyanocobalamin for cyanocobalamin. Acceptability 0.85, sourcing benefit 0.48. Source suppliers: 2, candidate suppliers: 2, company overlap: 100%.",[],[],"[""https://legerepharm.com/blog/comparing-forms-of-vitamin-b12-cyanocobalamin-vs-methylcobalamin-for-clinical-use/"", ""https://www.sigmaaldrich.com/US/en/product/sial/phr1234?srsltid=AfmBOoom00qmwIj9PcZMNTgd232hSibtYJ8gH4KBT1EDbkIghlmtme-0"", ""https://www.ncbi.nlm.nih.gov/books/NBK555964/"", ""https://www.thomasnet.com/suppliers/usa/cyanocobalamin-97002300"", ""https://www.sciencedirect.com/topics/biochemistry-genetics-and-molecular-biology/cyanocobalamin"", ""https://www.pharmacychecker.com/cyanocobalamin/""]",rules,,2026-04-18T07:06:44.331884+00:00
27,Liquid I.V.,36,FG-walmart-270357039,vitamin-b12-cyanocobalamin,cyanocobalamin,vitamin b12 cyanocobalamin,cyanocobalamin,safe_to_consolidate,0.7892,0.85,0.9003,0.4833,2,2,1.0,0.0,"[""Prinova USA"", ""PureBulk""]","[""Prinova USA"", ""PureBulk""]",False,"Consolidation looks safe: swap vitamin b12 cyanocobalamin for cyanocobalamin. Acceptability 0.85, sourcing benefit 0.48. Source suppliers: 2, candidate suppliers: 2, company overlap: 100%.",[],[],"[""https://legerepharm.com/blog/comparing-forms-of-vitamin-b12-cyanocobalamin-vs-methylcobalamin-for-clinical-use/"", ""https://www.sigmaaldrich.com/US/en/product/sial/phr1234?srsltid=AfmBOoom00qmwIj9PcZMNTgd232hSibtYJ8gH4KBT1EDbkIghlmtme-0"", ""https://www.ncbi.nlm.nih.gov/books/NBK555964/"", ""https://www.thomasnet.com/suppliers/usa/cyanocobalamin-97002300"", ""https://www.sciencedirect.com/topics/biochemistry-genetics-and-molecular-biology/cyanocobalamin"", ""https://www.pharmacychecker.com/cyanocobalamin/""]",rules,,2026-04-18T07:06:44.331884+00:00
27,Liquid I.V.,101,FG-target-a-81806945,vitamin-b12-cyanocobalamin,cyanocobalamin,vitamin b12 cyanocobalamin,cyanocobalamin,safe_to_consolidate,0.7892,0.85,0.9003,0.4833,2,2,1.0,0.0,"[""Prinova USA"", ""PureBulk""]","[""Prinova USA"", ""PureBulk""]",False,"Consolidation looks safe: swap vitamin b12 cyanocobalamin for cyanocobalamin. Acceptability 0.85, sourcing benefit 0.48. Source suppliers: 2, candidate suppliers: 2, company overlap: 100%.",[],[],"[""https://legerepharm.com/blog/comparing-forms-of-vitamin-b12-cyanocobalamin-vs-methylcobalamin-for-clinical-use/"", ""https://www.sigmaaldrich.com/US/en/product/sial/phr1234?srsltid=AfmBOoom00qmwIj9PcZMNTgd232hSibtYJ8gH4KBT1EDbkIghlmtme-0"", ""https://www.ncbi.nlm.nih.gov/books/NBK555964/"", ""https://www.thomasnet.com/suppliers/usa/cyanocobalamin-97002300"", ""https://www.sciencedirect.com/topics/biochemistry-genetics-and-molecular-biology/cyanocobalamin"", ""https://www.pharmacychecker.com/cyanocobalamin/""]",rules,,2026-04-18T07:06:44.331884+00:00
27,Liquid I.V.,129,FG-walgreens-300447518,vitamin-b12-cyanocobalamin,cyanocobalamin,vitamin b12 cyanocobalamin,cyanocobalamin,safe_to_consolidate,0.7892,0.85,0.9003,0.4833,2,2,1.0,0.0,"[""Prinova USA"", ""PureBulk""]","[""Prinova USA"", ""PureBulk""]",False,"Consolidation looks safe: swap vitamin b12 cyanocobalamin for cyanocobalamin. Acceptability 0.85, sourcing benefit 0.48. Source suppliers: 2, candidate suppliers: 2, company overlap: 100%.",[],[],"[""https://legerepharm.com/blog/comparing-forms-of-vitamin-b12-cyanocobalamin-vs-methylcobalamin-for-clinical-use/"", ""https://www.sigmaaldrich.com/US/en/product/sial/phr1234?srsltid=AfmBOoom00qmwIj9PcZMNTgd232hSibtYJ8gH4KBT1EDbkIghlmtme-0"", ""https://www.ncbi.nlm.nih.gov/books/NBK555964/"", ""https://www.thomasnet.com/suppliers/usa/cyanocobalamin-97002300"", ""https://www.sciencedirect.com/topics/biochemistry-genetics-and-molecular-biology/cyanocobalamin"", ""https://www.pharmacychecker.com/cyanocobalamin/""]",rules,,2026-04-18T07:06:44.331884+00:00
27,Liquid I.V.,134,FG-walgreens-300411121,vitamin-b12-cyanocobalamin,cyanocobalamin,vitamin b12 cyanocobalamin,cyanocobalamin,safe_to_consolidate,0.7892,0.85,0.9003,0.4833,2,2,1.0,0.0,"[""Prinova USA"", ""PureBulk""]","[""Prinova USA"", ""PureBulk""]",False,"Consolidation looks safe: swap vitamin b12 cyanocobalamin for cyanocobalamin. Acceptability 0.85, sourcing benefit 0.48. Source suppliers: 2, candidate suppliers: 2, company overlap: 100%.",[],[],"[""https://legerepharm.com/blog/comparing-forms-of-vitamin-b12-cyanocobalamin-vs-methylcobalamin-for-clinical-use/"", ""https://www.sigmaaldrich.com/US/en/product/sial/phr1234?srsltid=AfmBOoom00qmwIj9PcZMNTgd232hSibtYJ8gH4KBT1EDbkIghlmtme-0"", ""https://www.ncbi.nlm.nih.gov/books/NBK555964/"", ""https://www.thomasnet.com/suppliers/usa/cyanocobalamin-97002300"", ""https://www.sciencedirect.com/topics/biochemistry-genetics-and-molecular-biology/cyanocobalamin"", ""https://www.pharmacychecker.com/cyanocobalamin/""]",rules,,2026-04-18T07:06:44.331884+00:00
27,Liquid I.V.,7,FG-iherb-105065,vitamin-b12-cyanocobalamin,vitamin-b12,vitamin b12 cyanocobalamin,vitamin b12,safe_to_consolidate,0.777,0.8133,0.9319,0.4833,2,2,1.0,0.0,"[""Prinova USA"", ""PureBulk""]","[""Prinova USA"", ""PureBulk""]",False,"Consolidation looks safe: swap vitamin b12 cyanocobalamin for vitamin b12. Acceptability 0.81, sourcing benefit 0.48. Source suppliers: 2, candidate suppliers: 2, company overlap: 100%.",[],[],"[""https://legerepharm.com/blog/comparing-forms-of-vitamin-b12-cyanocobalamin-vs-methylcobalamin-for-clinical-use/"", ""https://www.accio.com/plp/halal-b12-vitamins"", ""https://www.fda.gov/media/117106/download""]",rules,,2026-04-18T07:06:44.331884+00:00
27,Liquid I.V.,36,FG-walmart-270357039,vitamin-b12-cyanocobalamin,vitamin-b12,vitamin b12 cyanocobalamin,vitamin b12,safe_to_consolidate,0.777,0.8133,0.9319,0.4833,2,2,1.0,0.0,"[""Prinova USA"", ""PureBulk""]","[""Prinova USA"", ""PureBulk""]",False,"Consolidation looks safe: swap vitamin b12 cyanocobalamin for vitamin b12. Acceptability 0.81, sourcing benefit 0.48. Source suppliers: 2, candidate suppliers: 2, company overlap: 100%.",[],[],"[""https://legerepharm.com/blog/comparing-forms-of-vitamin-b12-cyanocobalamin-vs-methylcobalamin-for-clinical-use/"", ""https://www.accio.com/plp/halal-b12-vitamins"", ""https://www.fda.gov/media/117106/download""]",rules,,2026-04-18T07:06:44.331884+00:00
27,Liquid I.V.,101,FG-target-a-81806945,vitamin-b12-cyanocobalamin,vitamin-b12,vitamin b12 cyanocobalamin,vitamin b12,safe_to_consolidate,0.777,0.8133,0.9319,0.4833,2,2,1.0,0.0,"[""Prinova USA"", ""PureBulk""]","[""Prinova USA"", ""PureBulk""]",False,"Consolidation looks safe: swap vitamin b12 cyanocobalamin for vitamin b12. Acceptability 0.81, sourcing benefit 0.48. Source suppliers: 2, candidate suppliers: 2, company overlap: 100%.",[],[],"[""https://legerepharm.com/blog/comparing-forms-of-vitamin-b12-cyanocobalamin-vs-methylcobalamin-for-clinical-use/"", ""https://www.accio.com/plp/halal-b12-vitamins"", ""https://www.fda.gov/media/117106/download""]",rules,,2026-04-18T07:06:44.331884+00:00
27,Liquid I.V.,129,FG-walgreens-300447518,vitamin-b12-cyanocobalamin,vitamin-b12,vitamin b12 cyanocobalamin,vitamin b12,safe_to_consolidate,0.777,0.8133,0.9319,0.4833,2,2,1.0,0.0,"[""Prinova USA"", ""PureBulk""]","[""Prinova USA"", ""PureBulk""]",False,"Consolidation looks safe: swap vitamin b12 cyanocobalamin for vitamin b12. Acceptability 0.81, sourcing benefit 0.48. Source suppliers: 2, candidate suppliers: 2, company overlap: 100%.",[],[],"[""https://legerepharm.com/blog/comparing-forms-of-vitamin-b12-cyanocobalamin-vs-methylcobalamin-for-clinical-use/"", ""https://www.accio.com/plp/halal-b12-vitamins"", ""https://www.fda.gov/media/117106/download""]",rules,,2026-04-18T07:06:44.331884+00:00
27,Liquid I.V.,134,FG-walgreens-300411121,vitamin-b12-cyanocobalamin,vitamin-b12,vitamin b12 cyanocobalamin,vitamin b12,safe_to_consolidate,0.777,0.8133,0.9319,0.4833,2,2,1.0,0.0,"[""Prinova USA"", ""PureBulk""]","[""Prinova USA"", ""PureBulk""]",False,"Consolidation looks safe: swap vitamin b12 cyanocobalamin for vitamin b12. Acceptability 0.81, sourcing benefit 0.48. Source suppliers: 2, candidate suppliers: 2, company overlap: 100%.",[],[],"[""https://legerepharm.com/blog/comparing-forms-of-vitamin-b12-cyanocobalamin-vs-methylcobalamin-for-clinical-use/"", ""https://www.accio.com/plp/halal-b12-vitamins"", ""https://www.fda.gov/media/117106/download""]",rules,,2026-04-18T07:06:44.331884+00:00
