raw_product_id,sku,company_id,normalized_name,canonical_key,ingredient_family,functional_role,confidence,missing_info,parse_ok,taxonomy_version
150,RM-C1-calcium-citrate-05c28cc3,1,calcium citrate,calcium-citrate,vitamin_mineral,active_ingredient,0.9,,True,v1
151,RM-C1-cellulose-594d4ce6,1,cellulose,cellulose,thickener_stabilizer,structural,0.8,,True,v1
152,RM-C1-croscarmellose-sodium-ba050b0c,1,croscarmellose sodium,croscarmellose-sodium,other,other,0.0,llm_error,True,v1
153,RM-C1-magnesium-silicate-6045d1ce,1,magnesium silicate,magnesium-silicate,excipient_binder,flow_agent,0.8,,True,v1
154,RM-C1-magnesium-stearate-fdedf242,1,magnesium stearate,magnesium-stearate,other,other,0.0,llm_error,True,v1
155,RM-C1-polyethylene-glycol-53cc28ba,1,polyethylene glycol,polyethylene-glycol,solvent_carrier,other,0.7,,True,v1
156,RM-C1-polyvinyl-alcohol-ebfeea56,1,polyvinyl alcohol,polyvinyl-alcohol,excipient_binder,coating,0.8,,True,v1
157,RM-C1-stearic-acid-9a014700,1,stearic acid,stearic-acid,lipid_fat,emulsification,0.8,,True,v1
158,RM-C1-titanium-dioxide-e460a12c,1,titanium dioxide,titanium-dioxide,colorant,coloring,0.9,,True,v1
159,RM-C1-vitamin-d3-cholecalciferol-67efce0f,1,vitamin d3 cholecalciferol,vitamin-d3-cholecalciferol,other,other,0.0,llm_error,True,v1
160,RM-C2-ascorbic-acid-4823fabf,2,ascorbic acid,ascorbic-acid,vitamin_mineral,active_ingredient,0.9,,True,v1
161,RM-C2-beta-carotene-bb90cd60,2,beta carotene,beta-carotene,colorant,coloring,0.9,,True,v1
164,RM-C2-choline-bitartrate-296d4da4,2,choline bitartrate,choline-bitartrate,vitamin_mineral,active_ingredient,0.9,,True,v1
165,RM-C2-cyanocobalamin-c2d9669b,2,cyanocobalamin,cyanocobalamin,vitamin_mineral,active_ingredient,1.0,,True,v1
166,RM-C2-d-alpha-tocopheryl-succinate-532e67fd,2,d alpha tocopheryl succinate,d-alpha-tocopheryl-succinate,vitamin_mineral,active_ingredient,0.9,,True,v1
167,RM-C2-d-calcium-pantothenate-bc49e976,2,d calcium pantothenate,d-calcium-pantothenate,vitamin_mineral,active_ingredient,0.9,,True,v1
168,RM-C2-hesperidin-complex-a26e0bcd,2,hesperidin complex,hesperidin-complex,herbal_botanical,active_ingredient,0.8,,True,v1
169,RM-C2-inositol-a10dfe66,2,inositol,inositol,vitamin_mineral,active_ingredient,0.9,,True,v1
170,RM-C2-lemon-bioflavonoid-complex-0eeb9802,2,lemon bioflavonoid complex,lemon-bioflavonoid-complex,other,other,0.0,llm_error,True,v1
172,RM-C2-manganese-2947a710,2,manganese,manganese,other,other,0.0,llm_error,True,v1
173,RM-C2-niacinamide-c27eb0fe,2,niacinamide,niacinamide,other,other,0.0,llm_error,True,v1
174,RM-C2-para-amino-benzoic-acid-b19c9ed7,2,para amino benzoic acid,para-amino-benzoic-acid,other,other,0.0,llm_error,True,v1
175,RM-C2-potassium-alginate-ab91bdcc,2,potassium alginate,potassium-alginate,other,other,0.0,llm_error,True,v1
177,RM-C2-pyridoxine-hcl-0a843bcb,2,pyridoxine hcl,pyridoxine-hcl,vitamin_mineral,active_ingredient,1.0,,True,v1
178,RM-C2-riboflavin-a3d02436,2,riboflavin,riboflavin,vitamin_mineral,active_ingredient,0.9,,True,v1
179,RM-C2-rice-bran-1f905661,2,rice bran,rice-bran,carbohydrate_starch,bulking,0.7,,True,v1
180,RM-C2-rice-protein-c17ff51d,2,rice protein,rice-protein,amino_acid_protein,active_ingredient,0.9,,True,v1
181,RM-C2-rutin-e29ccf19,2,rutin,rutin,herbal_botanical,active_ingredient,0.8,,True,v1
182,RM-C2-soy-lecithin-cc38c49d,2,soy lecithin,soy-lecithin,emulsifier,emulsification,0.9,,True,v1
183,RM-C2-thiamine-hcl-a714a4bf,2,thiamine hcl,thiamine-hcl,other,other,0.0,llm_error,True,v1
184,RM-C2-vitamin-a-palmitate-58b26912,2,vitamin a palmitate,vitamin-a-palmitate,other,other,0.0,llm_error,True,v1
186,RM-C3-citric-acid-6f4f6850,3,citric acid,citric-acid,acidulant,ph_buffering,0.9,,True,v1
187,RM-C3-maltodextrin-9e221e16,3,maltodextrin,maltodextrin,carbohydrate_starch,bulking,0.8,,True,v1
188,RM-C3-orange-flavor-10a9b501,3,orange flavor,orange-flavor,flavorant,flavoring,1.0,,True,v1
189,RM-C3-potassium-a7e6389c,3,potassium,potassium,vitamin_mineral,active_ingredient,0.9,,True,v1
190,RM-C3-sodium-bd233043,3,sodium,sodium,vitamin_mineral,active_ingredient,0.9,,True,v1
191,RM-C3-sugar-ef04e1fd,3,sugar,sugar,sweetener,sweetening,0.9,,True,v1
192,RM-C4-calcium-c77f1de7,4,calcium,calcium,vitamin_mineral,active_ingredient,0.9,,True,v1
193,RM-C4-magnesium-7058dcb8,4,magnesium,magnesium,vitamin_mineral,active_ingredient,0.9,,True,v1
194,RM-C4-potassium-4fd2e03c,4,potassium,potassium,vitamin_mineral,active_ingredient,0.9,,True,v1
196,RM-C5-blue-agave-inulin-b9f21209,5,blue agave inulin,blue-agave-inulin,other,other,0.0,llm_error,True,v1
197,RM-C5-brown-rice-protein-f2127b74,5,brown rice protein,brown-rice-protein,amino_acid_protein,active_ingredient,0.9,,True,v1
198,RM-C5-cinnamon-28c1b925,5,cinnamon,cinnamon,flavorant,flavoring,0.9,,True,v1
199,RM-C5-coconut-sugar-72cdee92,5,coconut sugar,coconut-sugar,sweetener,sweetening,0.9,,True,v1
200,RM-C5-ground-vanilla-beans-51d15fb4,5,ground vanilla beans,ground-vanilla-beans,other,other,0.0,llm_error,True,v1
201,RM-C5-hemp-seed-protein-8695d4e3,5,hemp seed protein,hemp-seed-protein,amino_acid_protein,active_ingredient,0.9,,True,v1
202,RM-C5-medium-chain-triglycerides-mct-from-coconut-oil-69d4233c,5,medium chain triglycerides mct from coconut oil,medium-chain-triglycerides-mct-from-coconut-oil,lipid_fat,active_ingredient,0.9,,True,v1
203,RM-C5-monk-fruit-extract-a8190686,5,monk fruit extract,monk-fruit-extract,other,other,0.0,llm_error,True,v1
204,RM-C5-natural-flavor-177a6a66,5,natural flavor,natural-flavor,flavorant,flavoring,1.0,,True,v1
205,RM-C5-pea-protein-4369ae6b,5,pea protein,pea-protein,amino_acid_protein,active_ingredient,0.9,,True,v1
206,RM-C5-pumpkin-seed-protein-e4230ea3,5,pumpkin seed protein,pumpkin-seed-protein,other,other,0.0,llm_error,True,v1
207,RM-C5-xanthan-gum-7ff5328f,5,xanthan gum,xanthan-gum,thickener_stabilizer,structural,0.9,,True,v1
208,RM-C6-acesulfame-potassium-72a88908,6,acesulfame potassium,acesulfame-potassium,sweetener,sweetening,0.9,,True,v1
209,RM-C6-artificial-flavor-abc70ce1,6,artificial flavor,artificial-flavor,other,other,0.0,llm_error,True,v1
210,RM-C6-carrageenan-5724a865,6,carrageenan,carrageenan,thickener_stabilizer,structural,0.9,,True,v1
211,RM-C6-cellulose-gum-fbd9bf21,6,cellulose gum,cellulose-gum,other,other,0.0,llm_error,True,v1
212,RM-C6-cocoa-processed-with-alkali-4270adbb,6,cocoa processed with alkali,cocoa-processed-with-alkali,other,other,0.0,llm_error,True,v1
213,RM-C6-natural-flavor-89d4e0c4,6,natural flavor,natural-flavor,flavorant,flavoring,1.0,,True,v1
214,RM-C6-sodium-chloride-baddece9,6,sodium chloride,sodium-chloride,other,other,0.0,llm_error,True,v1
215,RM-C6-soy-lecithin-5de90202,6,soy lecithin,soy-lecithin,emulsifier,emulsification,0.9,,True,v1
216,RM-C6-sucralose-792c37c8,6,sucralose,sucralose,sweetener,sweetening,0.9,,True,v1
217,RM-C6-sunflower-lecithin-47e33a0e,6,sunflower lecithin,sunflower-lecithin,other,other,0.0,llm_error,True,v1
218,RM-C6-whey-protein-concentrate-3d85f0ab,6,whey protein concentrate,whey-protein-concentrate,other,other,0.0,llm_error,True,v1
219,RM-C6-whey-protein-isolate-0a63f8af,6,whey protein isolate,whey-protein-isolate,other,other,0.0,llm_error,True,v1
220,RM-C6-xanthan-gum-ead6309f,6,xanthan gum,xanthan-gum,thickener_stabilizer,structural,0.9,,True,v1
221,RM-C7-b-vitamins-d6188591,7,b vitamins,b-vitamins,vitamin_mineral,active_ingredient,0.9,,True,v1
222,RM-C7-magnesium-964b9c23,7,magnesium,magnesium,vitamin_mineral,active_ingredient,0.9,,True,v1
223,RM-C7-natural-flavors-ed1c092b,7,natural flavors,natural-flavors,flavorant,flavoring,0.9,,True,v1
224,RM-C7-potassium-c3344ceb,7,potassium,potassium,vitamin_mineral,active_ingredient,0.9,,True,v1
225,RM-C7-sodium-72777d06,7,sodium,sodium,vitamin_mineral,active_ingredient,0.9,,True,v1
226,RM-C7-stevia-or-sucralose-sweetener-a556c26e,7,stevia or sucralose sweetener,stevia-or-sucralose-sweetener,other,other,0.0,llm_error,True,v1
227,RM-C7-vitamin-c-cd36dbb3,7,vitamin c,vitamin-c,other,other,0.0,llm_error,True,v1
228,RM-C7-zinc-d01732ec,7,zinc,zinc,vitamin_mineral,active_ingredient,0.9,,True,v1
229,RM-C8-cocoa-processed-with-alkali-bf29b228,8,cocoa processed with alkali,cocoa-processed-with-alkali,other,other,0.0,llm_error,True,v1
230,RM-C8-natural-french-vanilla-flavor-440891d7,8,natural french vanilla flavor,natural-french-vanilla-flavor,other,other,0.0,llm_error,True,v1
231,RM-C8-organic-cane-sugar-a6aae34c,8,organic cane sugar,organic-cane-sugar,other,other,0.0,llm_error,True,v1
232,RM-C8-sunflower-lecithin-f6a00a49,8,sunflower lecithin,sunflower-lecithin,other,other,0.0,llm_error,True,v1
233,RM-C8-whey-protein-isolate-057891ce,8,whey protein isolate,whey-protein-isolate,other,other,0.0,llm_error,True,v1
234,RM-C8-xanthan-gum-e13cc7cd,8,xanthan gum,xanthan-gum,thickener_stabilizer,structural,0.9,,True,v1
235,RM-C9-acesulfame-potassium-82c4ce5f,9,acesulfame potassium,acesulfame-potassium,sweetener,sweetening,0.9,,True,v1
236,RM-C9-ascorbic-acid-ee968c4e,9,ascorbic acid,ascorbic-acid,vitamin_mineral,active_ingredient,0.9,,True,v1
237,RM-C9-cellulose-gum-86c049a5,9,cellulose gum,cellulose-gum,other,other,0.0,llm_error,True,v1
238,RM-C9-cocoa-82946ec0,9,cocoa,cocoa,flavorant,flavoring,0.8,,True,v1
239,RM-C9-maltodextrin-273f0e8c,9,maltodextrin,maltodextrin,carbohydrate_starch,bulking,0.8,,True,v1
240,RM-C9-natural-and-artificial-flavors-0702b8aa,9,natural and artificial flavors,natural-and-artificial-flavors,other,other,0.0,llm_error,True,v1
241,RM-C9-salt-79a25e0f,9,salt,salt,other,other,0.0,llm_error,True,v1
242,RM-C9-sucralose-0d0ed3f1,9,sucralose,sucralose,sweetener,sweetening,0.9,,True,v1
243,RM-C9-sunflower-lecithin-db6877ff,9,sunflower lecithin,sunflower-lecithin,other,other,0.0,llm_error,True,v1
244,RM-C9-vitamin-c-46b8181f,9,vitamin c,vitamin-c,other,other,0.0,llm_error,True,v1
245,RM-C9-vitamin-d-f836407b,9,vitamin d,vitamin-d,vitamin_mineral,active_ingredient,0.9,,True,v1
246,RM-C9-vitamin-d3-1ac68852,9,vitamin d3,vitamin-d3,vitamin_mineral,active_ingredient,1.0,,True,v1
247,RM-C9-whey-protein-concentrate-410208b7,9,whey protein concentrate,whey-protein-concentrate,other,other,0.0,llm_error,True,v1
248,RM-C9-whey-protein-isolate-2d082fc2,9,whey protein isolate,whey-protein-isolate,other,other,0.0,llm_error,True,v1
249,RM-C9-zinc-eab3b1ef,9,zinc,zinc,vitamin_mineral,active_ingredient,0.9,,True,v1
250,RM-C9-zinc-oxide-d758de8e,9,zinc oxide,zinc-oxide,other,other,0.0,llm_error,True,v1
251,RM-C10-chloride-b98a465b,10,chloride,chloride,vitamin_mineral,active_ingredient,0.7,,True,v1
252,RM-C10-citric-acid-8159ad4e,10,citric acid,citric-acid,acidulant,ph_buffering,0.9,,True,v1
253,RM-C10-concentrace-trace-minerals-4f4f68d2,10,concentrace trace minerals,concentrace-trace-minerals,vitamin_mineral,active_ingredient,0.9,,True,v1
254,RM-C10-effervescent-base-ddcd1d62,10,effervescent base,effervescent-base,other,other,0.6,specific components of the base,True,v1
255,RM-C10-natural-lemon-lime-flavor-2351fcc6,10,natural lemon lime flavor,natural-lemon-lime-flavor,flavorant,flavoring,0.9,,True,v1
256,RM-C10-potassium-4334e301,10,potassium,potassium,vitamin_mineral,active_ingredient,0.9,,True,v1
257,RM-C10-vitamin-c-a3c07522,10,vitamin c,vitamin-c,other,other,0.0,llm_error,True,v1
259,RM-C11-gelatin-capsule-bovine-42ef5483,11,gelatin capsule bovine,gelatin-capsule-bovine,other,other,0.0,llm_error,True,v1
260,RM-C11-magnesium-glycinate-309625e9,11,magnesium glycinate,magnesium-glycinate,vitamin_mineral,active_ingredient,0.9,,True,v1
261,RM-C11-rice-powder-3d1b7e08,11,rice powder,rice-powder,carbohydrate_starch,bulking,0.7,,True,v1
262,RM-C11-silica-1de71d67,11,silica,silica,excipient_binder,flow_agent,0.8,,True,v1
263,RM-C11-vegetable-magnesium-stearate-a91ab707,11,vegetable magnesium stearate,vegetable-magnesium-stearate,excipient_binder,flow_agent,0.9,,True,v1
264,RM-C12-blue-2-lake-b1728ef8,12,blue 2 lake,blue-2-lake,colorant,coloring,1.0,,True,v1
265,RM-C12-calcium-carbonate-7423a5f4,12,calcium carbonate,calcium-carbonate,vitamin_mineral,active_ingredient,0.9,,True,v1
266,RM-C12-cholecalciferol-vitamin-d3-d24cbd0c,12,cholecalciferol vitamin d3,cholecalciferol-vitamin-d3,vitamin_mineral,active_ingredient,0.9,,True,v1
267,RM-C12-copper-sulfate-18cbcb56,12,copper sulfate,copper-sulfate,vitamin_mineral,active_ingredient,0.9,,True,v1
268,RM-C12-croscarmellose-sodium-6986ada1,12,croscarmellose sodium,croscarmellose-sodium,other,other,0.0,llm_error,True,v1
269,RM-C12-magnesium-oxide-80939af8,12,magnesium oxide,magnesium-oxide,vitamin_mineral,active_ingredient,0.9,,True,v1
270,RM-C12-magnesium-stearate-1cf9b021,12,magnesium stearate,magnesium-stearate,other,other,0.0,llm_error,True,v1
271,RM-C12-maltodextrin-2c5ab478,12,maltodextrin,maltodextrin,carbohydrate_starch,bulking,0.8,,True,v1
272,RM-C12-manganese-sulfate-a7c552be,12,manganese sulfate,manganese-sulfate,vitamin_mineral,active_ingredient,0.9,,True,v1
273,RM-C12-polyethylene-glycol-8a996dc9,12,polyethylene glycol,polyethylene-glycol,solvent_carrier,other,0.7,,True,v1
274,RM-C12-polyvinyl-alcohol-bef41d00,12,polyvinyl alcohol,polyvinyl-alcohol,excipient_binder,coating,0.8,,True,v1
275,RM-C12-red-40-lake-8f2e0c08,12,red 40 lake,red-40-lake,colorant,coloring,1.0,,True,v1
276,RM-C12-talc-4e027cb7,12,talc,talc,excipient_binder,flow_agent,0.8,,True,v1
277,RM-C12-titanium-dioxide-6699b33e,12,titanium dioxide,titanium-dioxide,colorant,coloring,0.9,,True,v1
278,RM-C12-tocopherols-98f93e88,12,tocopherols,tocopherols,vitamin_mineral,active_ingredient,0.9,,True,v1
279,RM-C12-yellow-6-lake-d8d481af,12,yellow 6 lake,yellow-6-lake,colorant,coloring,1.0,,True,v1
280,RM-C12-zinc-oxide-81626087,12,zinc oxide,zinc-oxide,other,other,0.0,llm_error,True,v1
281,RM-C13-b-vitamins-00134c85,13,b vitamins,b-vitamins,vitamin_mineral,active_ingredient,0.9,,True,v1
282,RM-C13-energy-support-botanicals-nutrients-4823efcb,13,energy support botanicals nutrients,energy-support-botanicals-nutrients,herbal_botanical,active_ingredient,0.7,specific botanicals/nutrients,True,v1
283,RM-C13-probiotic-cultures-4fa0be80,13,probiotic cultures,probiotic-cultures,other,active_ingredient,0.8,,True,v1
284,RM-C13-vitamin-d-b89cc23f,13,vitamin d,vitamin-d,vitamin_mineral,active_ingredient,0.9,,True,v1
285,RM-C14-b-vitamins-6b1105ff,14,b vitamins,b-vitamins,vitamin_mineral,active_ingredient,0.9,,True,v1
286,RM-C14-biotin-b128e9e7,14,biotin,biotin,vitamin_mineral,active_ingredient,0.9,,True,v1
287,RM-C14-calcium-1b8fb86e,14,calcium,calcium,vitamin_mineral,active_ingredient,0.9,,True,v1
288,RM-C14-chloride-3391a511,14,chloride,chloride,vitamin_mineral,active_ingredient,0.7,,True,v1
289,RM-C14-chromium-e949ac4b,14,chromium,chromium,vitamin_mineral,active_ingredient,0.9,,True,v1
290,RM-C14-copper-0315914d,14,copper,copper,vitamin_mineral,active_ingredient,0.9,,True,v1
291,RM-C14-folate-65ea52b0,14,folate,folate,vitamin_mineral,active_ingredient,0.9,,True,v1
292,RM-C14-gelatin-017eb28d,14,gelatin,gelatin,other,other,0.0,llm_error,True,v1
293,RM-C14-iodine-f96d860c,14,iodine,iodine,vitamin_mineral,active_ingredient,0.9,,True,v1
294,RM-C14-iron-1f8c0d39,14,iron,iron,vitamin_mineral,active_ingredient,0.9,,True,v1
295,RM-C14-lutein-c82b0e46,14,lutein,lutein,vitamin_mineral,active_ingredient,0.9,,True,v1
296,RM-C14-lycopene-92d0ad75,14,lycopene,lycopene,other,other,0.0,llm_error,True,v1
297,RM-C14-magnesium-0ad704ee,14,magnesium,magnesium,vitamin_mineral,active_ingredient,0.9,,True,v1
298,RM-C14-manganese-c9e87173,14,manganese,manganese,other,other,0.0,llm_error,True,v1
299,RM-C14-molybdenum-4a13d728,14,molybdenum,molybdenum,other,other,0.0,llm_error,True,v1
300,RM-C14-niacinamide-603dda4f,14,niacinamide,niacinamide,other,other,0.0,llm_error,True,v1
301,RM-C14-pantothenic-acid-9e8a871d,14,pantothenic acid,pantothenic-acid,vitamin_mineral,active_ingredient,1.0,,True,v1
302,RM-C14-potassium-e9dad6ca,14,potassium,potassium,vitamin_mineral,active_ingredient,0.9,,True,v1
303,RM-C14-riboflavin-cca38c81,14,riboflavin,riboflavin,vitamin_mineral,active_ingredient,0.9,,True,v1
304,RM-C14-selenium-95d94eb8,14,selenium,selenium,vitamin_mineral,active_ingredient,1.0,,True,v1
305,RM-C14-thiamine-904ca673,14,thiamine,thiamine,vitamin_mineral,active_ingredient,1.0,,True,v1
306,RM-C14-vitamin-a-72b32d59,14,vitamin a,vitamin-a,vitamin_mineral,active_ingredient,1.0,,True,v1
307,RM-C14-vitamin-b1-9fb2f65d,14,vitamin b1,vitamin-b1,vitamin_mineral,active_ingredient,0.9,,True,v1
308,RM-C14-vitamin-b12-296cc7e3,14,vitamin b12,vitamin-b12,vitamin_mineral,active_ingredient,1.0,,True,v1
309,RM-C14-vitamin-b2-cad7cce6,14,vitamin b2,vitamin-b2,vitamin_mineral,active_ingredient,1.0,,True,v1
310,RM-C14-vitamin-b6-c130b713,14,vitamin b6,vitamin-b6,vitamin_mineral,active_ingredient,1.0,,True,v1
311,RM-C14-vitamin-c-e97cb4c7,14,vitamin c,vitamin-c,other,other,0.0,llm_error,True,v1
312,RM-C14-vitamin-d-0d97442e,14,vitamin d,vitamin-d,vitamin_mineral,active_ingredient,0.9,,True,v1
313,RM-C14-vitamin-e-7d43f6b1,14,vitamin e,vitamin-e,vitamin_mineral,active_ingredient,0.9,,True,v1
314,RM-C14-vitamin-k-8acc4148,14,vitamin k,vitamin-k,other,other,0.0,llm_error,True,v1
315,RM-C14-vitamin-k1-59e9cf97,14,vitamin k1,vitamin-k1,other,other,0.0,llm_error,True,v1
316,RM-C14-zinc-35e67d6e,14,zinc,zinc,vitamin_mineral,active_ingredient,0.9,,True,v1
317,RM-C15-beet-powder-584aabff,15,beet powder,beet-powder,other,other,0.0,llm_error,True,v1
318,RM-C15-coconut-water-powder-ed983a65,15,coconut water powder,coconut-water-powder,other,other,0.6,,True,v1
319,RM-C15-lemon-juice-powder-0952a268,15,lemon juice powder,lemon-juice-powder,flavorant,flavoring,0.8,,True,v1
320,RM-C15-monk-fruit-extract-3b75b354,15,monk fruit extract,monk-fruit-extract,other,other,0.0,llm_error,True,v1
321,RM-C15-non-gmo-citric-acid-7638d213,15,non gmo citric acid,non-gmo-citric-acid,other,other,0.0,llm_error,True,v1
322,RM-C15-organic-flavor-1c1273ac,15,organic flavor,organic-flavor,flavorant,flavoring,0.9,,True,v1
323,RM-C15-organic-ginger-4318d2ea,15,organic ginger,organic-ginger,herbal_botanical,flavoring,0.8,,True,v1
324,RM-C15-organic-pomegranate-juice-powder-b89704e5,15,organic pomegranate juice powder,organic-pomegranate-juice-powder,other,other,0.0,llm_error,True,v1
325,RM-C15-organic-stevia-extract-f10816df,15,organic stevia extract,organic-stevia-extract,sweetener,sweetening,0.9,,True,v1
326,RM-C15-organic-turmeric-75c7aa52,15,organic turmeric,organic-turmeric,other,other,0.0,llm_error,True,v1
327,RM-C15-pink-himalayan-salt-7f2aeceb,15,pink himalayan salt,pink-himalayan-salt,other,other,0.0,llm_error,True,v1
328,RM-C15-sodium-citrate-2bb2e71f,15,sodium citrate,sodium-citrate,acidulant,ph_buffering,0.8,,True,v1
329,RM-C16-calcium-6951db19,16,calcium,calcium,vitamin_mineral,active_ingredient,0.9,,True,v1
330,RM-C16-citric-acid-67e2da70,16,citric acid,citric-acid,acidulant,ph_buffering,0.9,,True,v1
331,RM-C16-magnesium-e731ae15,16,magnesium,magnesium,vitamin_mineral,active_ingredient,0.9,,True,v1
332,RM-C16-natural-flavors-2b576df4,16,natural flavors,natural-flavors,flavorant,flavoring,0.9,,True,v1
333,RM-C16-potassium-3356f222,16,potassium,potassium,vitamin_mineral,active_ingredient,0.9,,True,v1
334,RM-C16-sodium-ec6914d6,16,sodium,sodium,vitamin_mineral,active_ingredient,0.9,,True,v1
335,RM-C17-ascorbic-acid-ab2a6348,17,ascorbic acid,ascorbic-acid,vitamin_mineral,active_ingredient,0.9,,True,v1
336,RM-C17-ascorbyl-palmitate-f401359d,17,ascorbyl palmitate,ascorbyl-palmitate,preservative,preservation,0.8,,True,v1
337,RM-C17-bht-7970c2c1,17,bht,bht,preservative,preservation,0.9,,True,v1
338,RM-C17-beta-carotene-75e75e5d,17,beta carotene,beta-carotene,colorant,coloring,0.9,,True,v1
339,RM-C17-biotin-07291e5b,17,biotin,biotin,vitamin_mineral,active_ingredient,0.9,,True,v1
340,RM-C17-calcium-carbonate-164af619,17,calcium carbonate,calcium-carbonate,vitamin_mineral,active_ingredient,0.9,,True,v1
341,RM-C17-carboxymethylcellulose-sodium-1d92bbc2,17,carboxymethylcellulose sodium,carboxymethylcellulose-sodium,other,other,0.0,llm_error,True,v1
342,RM-C17-cholecalciferol-75e08048,17,cholecalciferol,cholecalciferol,vitamin_mineral,active_ingredient,0.9,,True,v1
343,RM-C17-chromium-5721b069,17,chromium,chromium,vitamin_mineral,active_ingredient,0.9,,True,v1
344,RM-C17-chromium-chloride-ac386ae8,17,chromium chloride,chromium-chloride,vitamin_mineral,active_ingredient,0.9,,True,v1
345,RM-C17-chromium-picolinate-9a349105,17,chromium picolinate,chromium-picolinate,vitamin_mineral,active_ingredient,0.9,,True,v1
346,RM-C17-croscarmellose-sodium-a3e32460,17,croscarmellose sodium,croscarmellose-sodium,other,other,0.0,llm_error,True,v1
347,RM-C17-cupric-oxide-95cf9a6a,17,cupric oxide,cupric-oxide,other,other,0.0,llm_error,True,v1
348,RM-C17-cupric-sulfate-38ac7927,17,cupric sulfate,cupric-sulfate,other,other,0.0,llm_error,True,v1
349,RM-C17-cyanocobalamin-902cb05e,17,cyanocobalamin,cyanocobalamin,vitamin_mineral,active_ingredient,1.0,,True,v1
350,RM-C17-d-calcium-pantothenate-b22e6b6d,17,d calcium pantothenate,d-calcium-pantothenate,vitamin_mineral,active_ingredient,0.9,,True,v1
351,RM-C17-dicalcium-phosphate-a5ed9ed7,17,dicalcium phosphate,dicalcium-phosphate,vitamin_mineral,active_ingredient,0.8,,True,v1
352,RM-C17-fd-and-c-blue-no-2-lake-64e07256,17,fd and c blue no 2 lake,fd-and-c-blue-no-2-lake,other,other,0.0,llm_error,True,v1
353,RM-C17-fd-and-c-red-no-40-lake-0779ba16,17,fd and c red no 40 lake,fd-and-c-red-no-40-lake,colorant,coloring,1.0,,True,v1
354,RM-C17-fd-and-c-yellow-no-6-lake-6685d42c,17,fd and c yellow no 6 lake,fd-and-c-yellow-no-6-lake,other,other,0.0,llm_error,True,v1
355,RM-C17-ferrous-fumarate-1bb7e62c,17,ferrous fumarate,ferrous-fumarate,vitamin_mineral,active_ingredient,0.9,,True,v1
356,RM-C17-folic-acid-6c8e8f26,17,folic acid,folic-acid,other,other,0.0,llm_error,True,v1
357,RM-C17-gelatin-45b7cd2c,17,gelatin,gelatin,other,other,0.0,llm_error,True,v1
358,RM-C17-glucose-16858abc,17,glucose,glucose,sweetener,sweetening,0.9,,True,v1
359,RM-C17-gum-arabic-21ea5acf,17,gum arabic,gum-arabic,thickener_stabilizer,emulsification,0.9,,True,v1
360,RM-C17-hydroxypropyl-methylcellulose-46512c9c,17,hydroxypropyl methylcellulose,hydroxypropyl-methylcellulose,thickener_stabilizer,structural,0.8,,True,v1
361,RM-C17-lycopene-37067980,17,lycopene,lycopene,other,other,0.0,llm_error,True,v1
362,RM-C17-magnesium-oxide-2b403060,17,magnesium oxide,magnesium-oxide,vitamin_mineral,active_ingredient,0.9,,True,v1
363,RM-C17-magnesium-stearate-6abf59fc,17,magnesium stearate,magnesium-stearate,other,other,0.0,llm_error,True,v1
364,RM-C17-maltodextrin-8c87d5eb,17,maltodextrin,maltodextrin,carbohydrate_starch,bulking,0.8,,True,v1
365,RM-C17-manganese-sulfate-f60c6285,17,manganese sulfate,manganese-sulfate,vitamin_mineral,active_ingredient,0.9,,True,v1
366,RM-C17-medium-chain-triglycerides-8f09d80d,17,medium chain triglycerides,medium-chain-triglycerides,other,other,0.0,llm_error,True,v1
367,RM-C17-microcrystalline-cellulose-557e108b,17,microcrystalline cellulose,microcrystalline-cellulose,excipient_binder,binder,0.9,,True,v1
368,RM-C17-molybdenum-bc44eb9d,17,molybdenum,molybdenum,other,other,0.0,llm_error,True,v1
369,RM-C17-niacin-3c2ef14d,17,niacin,niacin,other,other,0.0,llm_error,True,v1
370,RM-C17-nicotinamide-bcdfeba8,17,nicotinamide,nicotinamide,vitamin_mineral,active_ingredient,1.0,,True,v1
371,RM-C17-pantothenic-acid-cc467f0a,17,pantothenic acid,pantothenic-acid,vitamin_mineral,active_ingredient,1.0,,True,v1
372,RM-C17-phytonadione-55621c1e,17,phytonadione,phytonadione,vitamin_mineral,active_ingredient,1.0,,True,v1
373,RM-C17-polydextrose-cd4814b7,17,polydextrose,polydextrose,carbohydrate_starch,bulking,0.8,,True,v1
374,RM-C17-polyvinyl-alcohol-7d52bf18,17,polyvinyl alcohol,polyvinyl-alcohol,excipient_binder,coating,0.8,,True,v1
375,RM-C17-potassium-chloride-35a32d7a,17,potassium chloride,potassium-chloride,other,other,0.7,,True,v1
376,RM-C17-potassium-iodide-e373836a,17,potassium iodide,potassium-iodide,vitamin_mineral,active_ingredient,0.9,,True,v1
377,RM-C17-pyridoxine-hydrochloride-9ea3cd1b,17,pyridoxine hydrochloride,pyridoxine-hydrochloride,other,other,0.0,llm_error,True,v1
378,RM-C17-retinyl-acetate-464fff68,17,retinyl acetate,retinyl-acetate,other,other,0.0,llm_error,True,v1
379,RM-C17-riboflavin-1e96c616,17,riboflavin,riboflavin,vitamin_mineral,active_ingredient,0.9,,True,v1
380,RM-C17-selenium-3c5cc68c,17,selenium,selenium,vitamin_mineral,active_ingredient,1.0,,True,v1
381,RM-C17-silica-53bc9dc6,17,silica,silica,excipient_binder,flow_agent,0.8,,True,v1
382,RM-C17-sodium-aluminum-silicate-ad903eef,17,sodium aluminum silicate,sodium-aluminum-silicate,excipient_binder,flow_agent,0.8,,True,v1
383,RM-C17-sodium-ascorbate-f4dc2885,17,sodium ascorbate,sodium-ascorbate,vitamin_mineral,active_ingredient,0.9,,True,v1
384,RM-C17-sodium-benzoate-4b00adc9,17,sodium benzoate,sodium-benzoate,other,other,0.0,llm_error,True,v1
385,RM-C17-sodium-molybdate-0f7d838a,17,sodium molybdate,sodium-molybdate,vitamin_mineral,active_ingredient,0.9,,True,v1
386,RM-C17-sodium-selenite-733ab69c,17,sodium selenite,sodium-selenite,other,other,0.0,llm_error,True,v1
387,RM-C17-sodium-starch-glycolate-027c1542,17,sodium starch glycolate,sodium-starch-glycolate,excipient_binder,binder,0.7,,True,v1
388,RM-C17-sorbic-acid-c99fcf34,17,sorbic acid,sorbic-acid,preservative,preservation,0.9,,True,v1
389,RM-C17-sorbitol-fe5cb8ba,17,sorbitol,sorbitol,sweetener,sweetening,0.9,,True,v1
390,RM-C17-starch-2edb910e,17,starch,starch,carbohydrate_starch,bulking,0.8,,True,v1
391,RM-C17-sucrose-efa729e9,17,sucrose,sucrose,sweetener,sweetening,1.0,,True,v1
392,RM-C17-sunflower-oil-bb851f70,17,sunflower oil,sunflower-oil,lipid_fat,other,0.8,,True,v1
393,RM-C17-thiamine-3ad733ed,17,thiamine,thiamine,vitamin_mineral,active_ingredient,1.0,,True,v1
394,RM-C17-thiamine-mononitrate-b51b48ac,17,thiamine mononitrate,thiamine-mononitrate,other,other,0.0,llm_error,True,v1
395,RM-C17-titanium-dioxide-341f50d1,17,titanium dioxide,titanium-dioxide,colorant,coloring,0.9,,True,v1
396,RM-C17-tocopherols-a8fa557b,17,tocopherols,tocopherols,vitamin_mineral,active_ingredient,0.9,,True,v1
397,RM-C17-tricalcium-phosphate-431a4818,17,tricalcium phosphate,tricalcium-phosphate,other,other,0.0,llm_error,True,v1
398,RM-C17-vitamin-a-8273c020,17,vitamin a,vitamin-a,vitamin_mineral,active_ingredient,1.0,,True,v1
399,RM-C17-vitamin-b12-79c7611a,17,vitamin b12,vitamin-b12,vitamin_mineral,active_ingredient,1.0,,True,v1
400,RM-C17-vitamin-b6-64f65ea4,17,vitamin b6,vitamin-b6,vitamin_mineral,active_ingredient,1.0,,True,v1
401,RM-C17-vitamin-c-44b4a0f7,17,vitamin c,vitamin-c,other,other,0.0,llm_error,True,v1
402,RM-C17-vitamin-d3-e8b80826,17,vitamin d3,vitamin-d3,vitamin_mineral,active_ingredient,1.0,,True,v1
403,RM-C17-vitamin-e-d3ec2225,17,vitamin e,vitamin-e,vitamin_mineral,active_ingredient,0.9,,True,v1
404,RM-C17-vitamin-k-bc485b26,17,vitamin k,vitamin-k,other,other,0.0,llm_error,True,v1
405,RM-C17-zinc-oxide-add96a17,17,zinc oxide,zinc-oxide,other,other,0.0,llm_error,True,v1
406,RM-C17-dl-alpha-tocopherol-68b372d5,17,dl alpha tocopherol,dl-alpha-tocopherol,other,other,0.0,llm_error,True,v1
407,RM-C17-dl-alpha-tocopheryl-acetate-153b1b41,17,dl alpha tocopheryl acetate,dl-alpha-tocopheryl-acetate,other,other,0.0,llm_error,True,v1
408,RM-C17-dl-tartaric-acid-d0c76b57,17,dl tartaric acid,dl-tartaric-acid,other,other,0.0,llm_error,True,v1
409,RM-C18-bcaas-162e8977,18,bcaas,bcaas,amino_acid_protein,active_ingredient,0.9,,True,v1
410,RM-C18-collagen-peptides-45fc58ed,18,collagen peptides,collagen-peptides,amino_acid_protein,active_ingredient,0.9,,True,v1
411,RM-C18-digestive-enzymes-5dab88c4,18,digestive enzymes,digestive-enzymes,other,other,0.0,llm_error,True,v1
412,RM-C18-lecithin-a7f2d498,18,lecithin,lecithin,emulsifier,emulsification,0.9,,True,v1
413,RM-C18-natural-and-artificial-flavors-0e9a8451,18,natural and artificial flavors,natural-and-artificial-flavors,other,other,0.0,llm_error,True,v1
414,RM-C18-whey-protein-isolate-5a7e86bf,18,whey protein isolate,whey-protein-isolate,other,other,0.0,llm_error,True,v1
415,RM-C19-calcium-c18ce14f,19,calcium,calcium,vitamin_mineral,active_ingredient,0.9,,True,v1
416,RM-C19-carnauba-wax-217a6c92,19,carnauba wax,carnauba-wax,other,other,0.0,llm_error,True,v1
417,RM-C19-dicalcium-phosphate-2e99d674,19,dicalcium phosphate,dicalcium-phosphate,vitamin_mineral,active_ingredient,0.8,,True,v1
418,RM-C19-gelatin-33f6d946,19,gelatin,gelatin,other,other,0.0,llm_error,True,v1
419,RM-C19-gum-arabic-d8b5f627,19,gum arabic,gum-arabic,thickener_stabilizer,emulsification,0.9,,True,v1
420,RM-C19-hydroxypropylmethylcellulose-eb1c22cf,19,hydroxypropylmethylcellulose,hydroxypropylmethylcellulose,thickener_stabilizer,binder,0.9,,True,v1
421,RM-C19-magnesium-oxide-22a42bff,19,magnesium oxide,magnesium-oxide,vitamin_mineral,active_ingredient,0.9,,True,v1
422,RM-C19-magnesium-stearate-63974975,19,magnesium stearate,magnesium-stearate,other,other,0.0,llm_error,True,v1
423,RM-C19-microcrystalline-cellulose-652ba547,19,microcrystalline cellulose,microcrystalline-cellulose,excipient_binder,binder,0.9,,True,v1
424,RM-C19-polyethylene-glycol-42d8398a,19,polyethylene glycol,polyethylene-glycol,solvent_carrier,other,0.7,,True,v1
425,RM-C19-polysorbate-80-d1fa702e,19,polysorbate 80,polysorbate-80,emulsifier,emulsification,0.9,,True,v1
426,RM-C19-silicon-dioxide-8f3934a0,19,silicon dioxide,silicon-dioxide,other,other,0.0,llm_error,True,v1
427,RM-C19-stearic-acid-3d5eb908,19,stearic acid,stearic-acid,lipid_fat,emulsification,0.8,,True,v1
428,RM-C19-sucrose-c6abca6a,19,sucrose,sucrose,sweetener,sweetening,1.0,,True,v1
429,RM-C19-titanium-dioxide-6921e678,19,titanium dioxide,titanium-dioxide,colorant,coloring,0.9,,True,v1
430,RM-C19-vegetable-acetoglycerides-14dd8d70,19,vegetable acetoglycerides,vegetable-acetoglycerides,lipid_fat,emulsification,0.7,,True,v1
431,RM-C19-vitamin-d3-cholecalciferol-3f392102,19,vitamin d3 cholecalciferol,vitamin-d3-cholecalciferol,other,other,0.0,llm_error,True,v1
432,RM-C20-bifidobacterium-lactis-bl-04-5b08978c,20,bifidobacterium lactis bl 04,bifidobacterium-lactis-bl-04,other,active_ingredient,0.8,,True,v1
433,RM-C20-milk-protein-6d7328df,20,milk protein,milk-protein,other,other,0.0,llm_error,True,v1
434,RM-C20-organic-erythritol-7dc0aad5,20,organic erythritol,organic-erythritol,sweetener,sweetening,1.0,,True,v1
435,RM-C20-organic-gum-acacia-17c541a3,20,organic gum acacia,organic-gum-acacia,thickener_stabilizer,emulsification,0.9,,True,v1
436,RM-C20-organic-stevia-extract-leaf-e803f0cb,20,organic stevia extract leaf,organic-stevia-extract-leaf,sweetener,sweetening,1.0,,True,v1
437,RM-C20-organic-tapioca-fiber-imo-efc511c2,20,organic tapioca fiber imo,organic-tapioca-fiber-imo,other,other,0.0,llm_error,True,v1
438,RM-C20-organic-vanilla-flavors-713ec126,20,organic vanilla flavors,organic-vanilla-flavors,flavorant,flavoring,0.9,,True,v1
439,RM-C20-sea-salt-1e8490d8,20,sea salt,sea-salt,other,flavoring,0.7,,True,v1
440,RM-C20-sunflower-lecithin-34d25076,20,sunflower lecithin,sunflower-lecithin,other,other,0.0,llm_error,True,v1
441,RM-C20-whey-protein-isolate-bfe00719,20,whey protein isolate,whey-protein-isolate,other,other,0.0,llm_error,True,v1
442,RM-C22-magnesium-citrate-086264b4,22,magnesium citrate,magnesium-citrate,vitamin_mineral,active_ingredient,0.9,,True,v1
443,RM-C22-magnesium-glycinate-946fc249,22,magnesium glycinate,magnesium-glycinate,vitamin_mineral,active_ingredient,0.9,,True,v1
444,RM-C22-magnesium-malate-fbb003be,22,magnesium malate,magnesium-malate,vitamin_mineral,active_ingredient,0.9,,True,v1
445,RM-C22-magnesium-oxide-c1a77e26,22,magnesium oxide,magnesium-oxide,vitamin_mineral,active_ingredient,0.9,,True,v1
446,RM-C23-fructooligosaccharides-e129cdd9,23,fructooligosaccharides,fructooligosaccharides,carbohydrate_starch,bulking,0.9,,True,v1
447,RM-C23-natural-vanilla-a59abdd6,23,natural vanilla,natural-vanilla,flavorant,flavoring,0.9,,True,v1
448,RM-C23-stevia-25f8dd86,23,stevia,stevia,other,other,0.0,llm_error,True,v1
449,RM-C23-whey-protein-concentrate-55ceaff9,23,whey protein concentrate,whey-protein-concentrate,other,other,0.0,llm_error,True,v1
450,RM-C23-whey-protein-isolate-4ac9a835,23,whey protein isolate,whey-protein-isolate,other,other,0.0,llm_error,True,v1
451,RM-C23-xanthan-gum-d9789f5b,23,xanthan gum,xanthan-gum,thickener_stabilizer,structural,0.9,,True,v1
452,RM-C24-glycerin-6cb5343a,24,glycerin,glycerin,solvent_carrier,other,0.8,,True,v1
453,RM-C24-olive-oil-1c285951,24,olive oil,olive-oil,other,other,0.0,llm_error,True,v1
454,RM-C24-softgel-bovine-gelatin-81674934,24,softgel bovine gelatin,softgel-bovine-gelatin,amino_acid_protein,structural,0.8,,True,v1
455,RM-C24-vitamin-d3-cholecalciferol-0949dd9f,24,vitamin d3 cholecalciferol,vitamin-d3-cholecalciferol,other,other,0.0,llm_error,True,v1
457,RM-C25-ascorbic-acid-c727ed5c,25,ascorbic acid,ascorbic-acid,vitamin_mineral,active_ingredient,0.9,,True,v1
458,RM-C25-b-vitamins-46e3c4f9,25,b vitamins,b-vitamins,vitamin_mineral,active_ingredient,0.9,,True,v1
459,RM-C25-calcium-carbonate-4eb96085,25,calcium carbonate,calcium-carbonate,vitamin_mineral,active_ingredient,0.9,,True,v1
460,RM-C25-calcium-citrate-02aa8da0,25,calcium citrate,calcium-citrate,vitamin_mineral,active_ingredient,0.9,,True,v1
461,RM-C25-chromium-6ae0933c,25,chromium,chromium,vitamin_mineral,active_ingredient,0.9,,True,v1
462,RM-C25-copper-5e0fc5d5,25,copper,copper,vitamin_mineral,active_ingredient,0.9,,True,v1
463,RM-C25-dicalcium-phosphate-2dbbfc34,25,dicalcium phosphate,dicalcium-phosphate,vitamin_mineral,active_ingredient,0.8,,True,v1
464,RM-C25-ferrous-fumarate-1e0f20e4,25,ferrous fumarate,ferrous-fumarate,vitamin_mineral,active_ingredient,0.9,,True,v1
465,RM-C25-gelatin-121e19eb,25,gelatin,gelatin,other,other,0.0,llm_error,True,v1
466,RM-C25-glycerin-d32adb62,25,glycerin,glycerin,solvent_carrier,other,0.8,,True,v1
467,RM-C25-magnesium-b5c61094,25,magnesium,magnesium,vitamin_mineral,active_ingredient,0.9,,True,v1
468,RM-C25-magnesium-oxide-e49e39a0,25,magnesium oxide,magnesium-oxide,vitamin_mineral,active_ingredient,0.9,,True,v1
469,RM-C25-manganese-6ca1ae84,25,manganese,manganese,other,other,0.0,llm_error,True,v1
470,RM-C25-microcrystalline-cellulose-6d0e7fe3,25,microcrystalline cellulose,microcrystalline-cellulose,excipient_binder,binder,0.9,,True,v1
471,RM-C25-potassium-chloride-f927469d,25,potassium chloride,potassium-chloride,other,other,0.7,,True,v1
472,RM-C25-selenium-e14cba90,25,selenium,selenium,vitamin_mineral,active_ingredient,1.0,,True,v1
473,RM-C25-soybean-oil-a542aa7c,25,soybean oil,soybean-oil,lipid_fat,structural,0.8,,True,v1
474,RM-C25-vitamin-a-2910180c,25,vitamin a,vitamin-a,vitamin_mineral,active_ingredient,1.0,,True,v1
475,RM-C25-vitamin-d-aa256974,25,vitamin d,vitamin-d,vitamin_mineral,active_ingredient,0.9,,True,v1
476,RM-C25-vitamin-d3-5116d136,25,vitamin d3,vitamin-d3,vitamin_mineral,active_ingredient,1.0,,True,v1
477,RM-C25-vitamin-d3-cholecalciferol-564712ba,25,vitamin d3 cholecalciferol,vitamin-d3-cholecalciferol,other,other,0.0,llm_error,True,v1
478,RM-C25-vitamin-e-4f4c99b8,25,vitamin e,vitamin-e,vitamin_mineral,active_ingredient,0.9,,True,v1
479,RM-C25-vitamin-k-d253aa53,25,vitamin k,vitamin-k,other,other,0.0,llm_error,True,v1
480,RM-C25-zinc-a4c54648,25,zinc,zinc,vitamin_mineral,active_ingredient,0.9,,True,v1
481,RM-C26-citric-acid-fa037e6f,26,citric acid,citric-acid,acidulant,ph_buffering,0.9,,True,v1
482,RM-C26-magnesium-malate-98ccabb5,26,magnesium malate,magnesium-malate,vitamin_mineral,active_ingredient,0.9,,True,v1
483,RM-C26-natural-flavor-1d5bbf86,26,natural flavor,natural-flavor,flavorant,flavoring,1.0,,True,v1
484,RM-C26-natural-flavors-20d1db28,26,natural flavors,natural-flavors,flavorant,flavoring,0.9,,True,v1
485,RM-C26-potassium-chloride-414b5246,26,potassium chloride,potassium-chloride,other,other,0.7,,True,v1
486,RM-C26-salt-sodium-chloride-dd396d8b,26,salt sodium chloride,salt-sodium-chloride,other,flavoring,0.9,,True,v1
487,RM-C26-stevia-leaf-extract-40dbb2cc,26,stevia leaf extract,stevia-leaf-extract,sweetener,sweetening,1.0,,True,v1
488,RM-C27-citric-acid-22adab04,27,citric acid,citric-acid,acidulant,ph_buffering,0.9,,True,v1
489,RM-C27-dextrose-7cf0a4ab,27,dextrose,dextrose,sweetener,sweetening,0.9,,True,v1
490,RM-C27-dipotassium-phosphate-0471d680,27,dipotassium phosphate,dipotassium-phosphate,other,ph_buffering,0.7,,True,v1
491,RM-C27-natural-flavor-1bb80751,27,natural flavor,natural-flavor,flavorant,flavoring,1.0,,True,v1
492,RM-C27-natural-strawberry-flavor-6678e15f,27,natural strawberry flavor,natural-strawberry-flavor,other,other,0.0,llm_error,True,v1
493,RM-C27-potassium-citrate-b91db2ed,27,potassium citrate,potassium-citrate,other,other,0.0,llm_error,True,v1
494,RM-C27-pure-cane-sugar-44f6c2d3,27,pure cane sugar,pure-cane-sugar,sweetener,sweetening,0.9,,True,v1
495,RM-C27-salt-848383fa,27,salt,salt,other,other,0.0,llm_error,True,v1
496,RM-C27-silicon-dioxide-3e48964c,27,silicon dioxide,silicon-dioxide,other,other,0.0,llm_error,True,v1
497,RM-C27-sodium-citrate-08487851,27,sodium citrate,sodium-citrate,acidulant,ph_buffering,0.8,,True,v1
498,RM-C27-stevia-leaf-extract-rebaudioside-a-7b086972,27,stevia leaf extract rebaudioside a,stevia-leaf-extract-rebaudioside-a,sweetener,sweetening,0.9,,True,v1
499,RM-C27-vitamin-b12-cyanocobalamin-2da25f81,27,vitamin b12 cyanocobalamin,vitamin-b12-cyanocobalamin,vitamin_mineral,active_ingredient,0.9,,True,v1
500,RM-C27-vitamin-b3-niacinamide-7dfaf6f5,27,vitamin b3 niacinamide,vitamin-b3-niacinamide,other,other,0.0,llm_error,True,v1
501,RM-C27-vitamin-b5-d-calcium-pantothenate-fd43f6c0,27,vitamin b5 d calcium pantothenate,vitamin-b5-d-calcium-pantothenate,vitamin_mineral,active_ingredient,0.9,,True,v1
502,RM-C27-vitamin-b6-pyridoxine-hydrochloride-bb52b75a,27,vitamin b6 pyridoxine hydrochloride,vitamin-b6-pyridoxine-hydrochloride,vitamin_mineral,active_ingredient,0.9,,True,v1
503,RM-C27-vitamin-c-ascorbic-acid-2d17523d,27,vitamin c ascorbic acid,vitamin-c-ascorbic-acid,vitamin_mineral,active_ingredient,0.9,,True,v1
504,RM-C28-ascorbyl-palmitate-373a4bfa,28,ascorbyl palmitate,ascorbyl-palmitate,preservative,preservation,0.8,,True,v1
506,RM-C28-glycerin-85e43afb,28,glycerin,glycerin,solvent_carrier,other,0.8,,True,v1
507,RM-C28-hypromellose-155bba6b,28,hypromellose,hypromellose,thickener_stabilizer,bulking,0.9,,True,v1
508,RM-C28-magnesium-citrate-d364c220,28,magnesium citrate,magnesium-citrate,vitamin_mineral,active_ingredient,0.9,,True,v1
509,RM-C28-safflower-oil-a84bc3ce,28,safflower oil,safflower-oil,lipid_fat,other,0.8,,True,v1
510,RM-C28-silicon-dioxide-8891b60f,28,silicon dioxide,silicon-dioxide,other,other,0.0,llm_error,True,v1
511,RM-C28-softgel-capsule-bovine-gelatin-5a1a1582,28,softgel capsule bovine gelatin,softgel-capsule-bovine-gelatin,other,other,0.0,llm_error,True,v1
512,RM-C28-vitamin-d3-cholecalciferol-8956b79c,28,vitamin d3 cholecalciferol,vitamin-d3-cholecalciferol,other,other,0.0,llm_error,True,v1
514,RM-C29-dibasic-calcium-phosphate-dihydrate-ef3ab6b0,29,dibasic calcium phosphate dihydrate,dibasic-calcium-phosphate-dihydrate,vitamin_mineral,active_ingredient,0.8,,True,v1
515,RM-C29-magnesium-stearate-589caed7,29,magnesium stearate,magnesium-stearate,other,other,0.0,llm_error,True,v1
516,RM-C29-microcrystalline-cellulose-734eb550,29,microcrystalline cellulose,microcrystalline-cellulose,excipient_binder,binder,0.9,,True,v1
517,RM-C29-vitamin-d3-cholecalciferol-aedcde8b,29,vitamin d3 cholecalciferol,vitamin-d3-cholecalciferol,other,other,0.0,llm_error,True,v1
518,RM-C30-acacia-gum-fc79918e,30,acacia gum,acacia-gum,thickener_stabilizer,binder,0.8,,True,v1
519,RM-C30-b-vitamins-363953a0,30,b vitamins,b-vitamins,vitamin_mineral,active_ingredient,0.9,,True,v1
520,RM-C30-calcium-carbonate-dd9f47aa,30,calcium carbonate,calcium-carbonate,vitamin_mineral,active_ingredient,0.9,,True,v1
521,RM-C30-carboxymethylcellulose-sodium-c79871c7,30,carboxymethylcellulose sodium,carboxymethylcellulose-sodium,other,other,0.0,llm_error,True,v1
522,RM-C30-carnauba-wax-302c3873,30,carnauba wax,carnauba-wax,other,other,0.0,llm_error,True,v1
523,RM-C30-cellulose-gel-66b4a4d5,30,cellulose gel,cellulose-gel,thickener_stabilizer,bulking,0.8,,True,v1
524,RM-C30-citric-acid-d939ac85,30,citric acid,citric-acid,acidulant,ph_buffering,0.9,,True,v1
525,RM-C30-croscarmellose-sodium-6e3702fa,30,croscarmellose sodium,croscarmellose-sodium,other,other,0.0,llm_error,True,v1
526,RM-C30-epicor-postbiotic-57bf1fc9,30,epicor postbiotic,epicor-postbiotic,other,active_ingredient,0.7,,True,v1
527,RM-C30-gelatin-2e7ec9f6,30,gelatin,gelatin,other,other,0.0,llm_error,True,v1
528,RM-C30-glycerin-8bc0ab1f,30,glycerin,glycerin,solvent_carrier,other,0.8,,True,v1
529,RM-C30-hypromellose-917a9b27,30,hypromellose,hypromellose,thickener_stabilizer,bulking,0.9,,True,v1
530,RM-C30-iron-411b5c14,30,iron,iron,vitamin_mineral,active_ingredient,0.9,,True,v1
531,RM-C30-magnesium-bisglycinate-c6e583c4,30,magnesium bisglycinate,magnesium-bisglycinate,amino_acid_protein,active_ingredient,0.9,,True,v1
532,RM-C30-magnesium-citrate-31b1d4da,30,magnesium citrate,magnesium-citrate,vitamin_mineral,active_ingredient,0.9,,True,v1
533,RM-C30-magnesium-glycinate-ba21d239,30,magnesium glycinate,magnesium-glycinate,vitamin_mineral,active_ingredient,0.9,,True,v1
534,RM-C30-magnesium-malate-41278a52,30,magnesium malate,magnesium-malate,vitamin_mineral,active_ingredient,0.9,,True,v1
535,RM-C30-magnesium-oxide-a499cb62,30,magnesium oxide,magnesium-oxide,vitamin_mineral,active_ingredient,0.9,,True,v1
536,RM-C30-magnesium-stearate-201fdf47,30,magnesium stearate,magnesium-stearate,other,other,0.0,llm_error,True,v1
537,RM-C30-maltodextrin-65cad49f,30,maltodextrin,maltodextrin,carbohydrate_starch,bulking,0.8,,True,v1
538,RM-C30-medium-chain-triglycerides-b74dc13f,30,medium chain triglycerides,medium-chain-triglycerides,other,other,0.0,llm_error,True,v1
539,RM-C30-microcrystalline-cellulose-98dc8e4d,30,microcrystalline cellulose,microcrystalline-cellulose,excipient_binder,binder,0.9,,True,v1
540,RM-C30-modified-food-starch-961c9833,30,modified food starch,modified-food-starch,other,other,0.0,llm_error,True,v1
541,RM-C30-palm-oil-f9de4c81,30,palm oil,palm-oil,other,other,0.0,llm_error,True,v1
542,RM-C30-rice-flour-947be4ee,30,rice flour,rice-flour,other,other,0.0,llm_error,True,v1
543,RM-C30-silica-903baaf4,30,silica,silica,excipient_binder,flow_agent,0.8,,True,v1
544,RM-C30-silicon-dioxide-47cf951f,30,silicon dioxide,silicon-dioxide,other,other,0.0,llm_error,True,v1
545,RM-C30-soybean-oil-e0b7881a,30,soybean oil,soybean-oil,lipid_fat,structural,0.8,,True,v1
546,RM-C30-starch-883b427a,30,starch,starch,carbohydrate_starch,bulking,0.8,,True,v1
547,RM-C30-stearic-acid-19acfab5,30,stearic acid,stearic-acid,lipid_fat,emulsification,0.8,,True,v1
548,RM-C30-sugar-0bdf5d67,30,sugar,sugar,sweetener,sweetening,0.9,,True,v1
549,RM-C30-vegetarian-capsule-ea92a1d1,30,vegetarian capsule,vegetarian-capsule,packaging_aid,coating,0.9,,True,v1
550,RM-C30-vitamin-a-600bcca5,30,vitamin a,vitamin-a,vitamin_mineral,active_ingredient,1.0,,True,v1
551,RM-C30-vitamin-c-5399011f,30,vitamin c,vitamin-c,other,other,0.0,llm_error,True,v1
552,RM-C30-vitamin-d3-e0800226,30,vitamin d3,vitamin-d3,vitamin_mineral,active_ingredient,1.0,,True,v1
553,RM-C30-vitamin-d3-cholecalciferol-559c9699,30,vitamin d3 cholecalciferol,vitamin-d3-cholecalciferol,other,other,0.0,llm_error,True,v1
554,RM-C30-vitamin-e-5cbd51e2,30,vitamin e,vitamin-e,vitamin_mineral,active_ingredient,0.9,,True,v1
555,RM-C30-vitamin-k2-menaquinone-7-859f4a44,30,vitamin k2 menaquinone 7,vitamin-k2-menaquinone-7,vitamin_mineral,active_ingredient,1.0,,True,v1
557,RM-C30-zinc-f5b864e3,30,zinc,zinc,vitamin_mineral,active_ingredient,0.9,,True,v1
558,RM-C31-ascorbyl-palmitate-cdce22fe,31,ascorbyl palmitate,ascorbyl-palmitate,preservative,preservation,0.8,,True,v1
559,RM-C31-corn-oil-1009aec3,31,corn oil,corn-oil,lipid_fat,other,0.8,,True,v1
560,RM-C31-gelatin-64baa1c8,31,gelatin,gelatin,other,other,0.0,llm_error,True,v1
561,RM-C31-magnesium-glycinate-74e5e25d,31,magnesium glycinate,magnesium-glycinate,vitamin_mineral,active_ingredient,0.9,,True,v1
562,RM-C31-soybean-oil-a030edea,31,soybean oil,soybean-oil,lipid_fat,structural,0.8,,True,v1
563,RM-C31-vegetable-cellulose-6da081fc,31,vegetable cellulose,vegetable-cellulose,thickener_stabilizer,structural,0.8,,True,v1
564,RM-C31-vegetable-glycerin-78229fba,31,vegetable glycerin,vegetable-glycerin,solvent_carrier,other,0.7,,True,v1
565,RM-C31-vitamin-d3-cholecalciferol-6e6ef79b,31,vitamin d3 cholecalciferol,vitamin-d3-cholecalciferol,other,other,0.0,llm_error,True,v1
566,RM-C32-aquamin-mg-soluble-2229f585,32,aquamin mg soluble,aquamin-mg-soluble,vitamin_mineral,active_ingredient,0.8,,True,v1
567,RM-C32-ascorbic-acid-e21a79c1,32,ascorbic acid,ascorbic-acid,vitamin_mineral,active_ingredient,0.9,,True,v1
568,RM-C32-calcium-d-pantothenate-5db35528,32,calcium d pantothenate,calcium-d-pantothenate,other,other,0.0,llm_error,True,v1
569,RM-C32-calcium-citrate-2f9465c9,32,calcium citrate,calcium-citrate,vitamin_mineral,active_ingredient,0.9,,True,v1
570,RM-C32-cyanocobalamin-3d4cc1db,32,cyanocobalamin,cyanocobalamin,vitamin_mineral,active_ingredient,1.0,,True,v1
571,RM-C32-magnesium-citrate-199478da,32,magnesium citrate,magnesium-citrate,vitamin_mineral,active_ingredient,0.9,,True,v1
572,RM-C32-manganese-chelate-3e7e37a6,32,manganese chelate,manganese-chelate,other,other,0.0,llm_error,True,v1
573,RM-C32-niacin-6e777dec,32,niacin,niacin,other,other,0.0,llm_error,True,v1
574,RM-C32-pink-himalayan-salt-3eab5c0a,32,pink himalayan salt,pink-himalayan-salt,other,other,0.0,llm_error,True,v1
575,RM-C32-potassium-citrate-ec7e555a,32,potassium citrate,potassium-citrate,other,other,0.0,llm_error,True,v1
576,RM-C32-pyridoxine-hcl-b18e1d94,32,pyridoxine hcl,pyridoxine-hcl,vitamin_mineral,active_ingredient,1.0,,True,v1
577,RM-C32-sodium-chloride-c98dabe3,32,sodium chloride,sodium-chloride,other,other,0.0,llm_error,True,v1
578,RM-C32-zinc-oxide-1bf96a0d,32,zinc oxide,zinc-oxide,other,other,0.0,llm_error,True,v1
579,RM-C33-b-vitamins-3aef7be4,33,b vitamins,b-vitamins,vitamin_mineral,active_ingredient,0.9,,True,v1
580,RM-C33-biotin-dd51a7e1,33,biotin,biotin,vitamin_mineral,active_ingredient,0.9,,True,v1
581,RM-C33-carnauba-wax-81404016,33,carnauba wax,carnauba-wax,other,other,0.0,llm_error,True,v1
582,RM-C33-ferment-media-c911f8c0,33,ferment media,ferment-media,other,other,0.0,llm_error,True,v1
583,RM-C33-folate-b7efc577,33,folate,folate,vitamin_mineral,active_ingredient,0.9,,True,v1
584,RM-C33-lac-resin-c604fad6,33,lac resin,lac-resin,other,coating,0.6,,True,v1
585,RM-C33-niacin-151277db,33,niacin,niacin,other,other,0.0,llm_error,True,v1
586,RM-C33-organic-coating-83434eb0,33,organic coating,organic-coating,packaging_aid,coating,0.9,,True,v1
587,RM-C33-organic-gum-acacia-32c6f17e,33,organic gum acacia,organic-gum-acacia,thickener_stabilizer,emulsification,0.9,,True,v1
588,RM-C33-organic-maltodextrin-3279a920,33,organic maltodextrin,organic-maltodextrin,carbohydrate_starch,bulking,0.9,,True,v1
589,RM-C33-pantothenic-acid-39dfb546,33,pantothenic acid,pantothenic-acid,vitamin_mineral,active_ingredient,1.0,,True,v1
590,RM-C33-riboflavin-f24838be,33,riboflavin,riboflavin,vitamin_mineral,active_ingredient,0.9,,True,v1
591,RM-C33-selenium-5e6509a0,33,selenium,selenium,vitamin_mineral,active_ingredient,1.0,,True,v1
592,RM-C33-silica-a853ee85,33,silica,silica,excipient_binder,flow_agent,0.8,,True,v1
593,RM-C33-thiamin-1c74da1a,33,thiamin,thiamin,vitamin_mineral,active_ingredient,1.0,,True,v1
594,RM-C33-vitamin-a-4518d5ec,33,vitamin a,vitamin-a,vitamin_mineral,active_ingredient,1.0,,True,v1
595,RM-C33-vitamin-b12-000a19b7,33,vitamin b12,vitamin-b12,vitamin_mineral,active_ingredient,1.0,,True,v1
596,RM-C33-vitamin-b6-fadb33a5,33,vitamin b6,vitamin-b6,vitamin_mineral,active_ingredient,1.0,,True,v1
597,RM-C33-vitamin-c-cc2f941d,33,vitamin c,vitamin-c,other,other,0.0,llm_error,True,v1
598,RM-C33-vitamin-d3-cd036b64,33,vitamin d3,vitamin-d3,vitamin_mineral,active_ingredient,1.0,,True,v1
599,RM-C33-vitamin-e-d3ce1b4f,33,vitamin e,vitamin-e,vitamin_mineral,active_ingredient,0.9,,True,v1
600,RM-C33-vitamin-k-2f127d05,33,vitamin k,vitamin-k,other,other,0.0,llm_error,True,v1
601,RM-C33-zinc-5e8d3f7e,33,zinc,zinc,vitamin_mineral,active_ingredient,0.9,,True,v1
603,RM-C34-glycerin-ae7d95de,34,glycerin,glycerin,solvent_carrier,other,0.8,,True,v1
605,RM-C34-soft-gel-capsule-bovine-gelatin-7f9790b5,34,soft gel capsule bovine gelatin,soft-gel-capsule-bovine-gelatin,amino_acid_protein,structural,0.8,,True,v1
606,RM-C34-vitamin-d3-cholecalciferol-7e2cad2a,34,vitamin d3 cholecalciferol,vitamin-d3-cholecalciferol,other,other,0.0,llm_error,True,v1
607,RM-C35-calcium-carbonate-d0e0b4e2,35,calcium carbonate,calcium-carbonate,vitamin_mineral,active_ingredient,0.9,,True,v1
608,RM-C35-chromium-nicotinate-5344125d,35,chromium nicotinate,chromium-nicotinate,other,other,0.0,llm_error,True,v1
609,RM-C35-magnesium-carbonate-192d24ea,35,magnesium carbonate,magnesium-carbonate,vitamin_mineral,active_ingredient,0.8,,True,v1
610,RM-C35-magnesium-stearate-e0ea85f7,35,magnesium stearate,magnesium-stearate,other,other,0.0,llm_error,True,v1
611,RM-C35-potassium-gluconate-1edd6ca1,35,potassium gluconate,potassium-gluconate,other,other,0.0,llm_error,True,v1
612,RM-C35-sodium-chloride-235bec7e,35,sodium chloride,sodium-chloride,other,other,0.0,llm_error,True,v1
613,RM-C35-vegan-capsule-d9a85712,35,vegan capsule,vegan-capsule,packaging_aid,coating,0.9,,True,v1
614,RM-C35-vitamin-c-l-ascorbic-acid-17da2399,35,vitamin c l ascorbic acid,vitamin-c-l-ascorbic-acid,vitamin_mineral,active_ingredient,0.9,,True,v1
615,RM-C35-zinc-sulfate-04f0fb89,35,zinc sulfate,zinc-sulfate,vitamin_mineral,active_ingredient,0.9,,True,v1
616,RM-C36-acesulfame-potassium-553079fd,36,acesulfame potassium,acesulfame-potassium,sweetener,sweetening,0.9,,True,v1
617,RM-C36-cocoa-powder-99916811,36,cocoa powder,cocoa-powder,flavorant,flavoring,0.8,,True,v1
618,RM-C36-natural-flavors-82a902e9,36,natural flavors,natural-flavors,flavorant,flavoring,0.9,,True,v1
619,RM-C36-soy-lecithin-e5096e4a,36,soy lecithin,soy-lecithin,emulsifier,emulsification,0.9,,True,v1
620,RM-C36-sucralose-d02d5b0f,36,sucralose,sucralose,sweetener,sweetening,0.9,,True,v1
621,RM-C36-whey-protein-concentrate-7323d34b,36,whey protein concentrate,whey-protein-concentrate,other,other,0.0,llm_error,True,v1
622,RM-C37-ascorbic-acid-2dce8c2c,37,ascorbic acid,ascorbic-acid,vitamin_mineral,active_ingredient,0.9,,True,v1
623,RM-C37-beta-carotene-4a5e8c4f,37,beta carotene,beta-carotene,colorant,coloring,0.9,,True,v1
624,RM-C37-biotin-2d59ee9a,37,biotin,biotin,vitamin_mineral,active_ingredient,0.9,,True,v1
625,RM-C37-calcium-carbonate-4d035065,37,calcium carbonate,calcium-carbonate,vitamin_mineral,active_ingredient,0.9,,True,v1
626,RM-C37-cholecalciferol-f6d103e4,37,cholecalciferol,cholecalciferol,vitamin_mineral,active_ingredient,0.9,,True,v1
627,RM-C37-chromium-chloride-29a65259,37,chromium chloride,chromium-chloride,vitamin_mineral,active_ingredient,0.9,,True,v1
628,RM-C37-copper-84081b0a,37,copper,copper,vitamin_mineral,active_ingredient,0.9,,True,v1
629,RM-C37-copper-sulfate-31751952,37,copper sulfate,copper-sulfate,vitamin_mineral,active_ingredient,0.9,,True,v1
630,RM-C37-croscarmellose-sodium-08ab6ca3,37,croscarmellose sodium,croscarmellose-sodium,other,other,0.0,llm_error,True,v1
631,RM-C37-cyanocobalamin-e7d33656,37,cyanocobalamin,cyanocobalamin,vitamin_mineral,active_ingredient,1.0,,True,v1
632,RM-C37-d-calcium-pantothenate-baa38478,37,d calcium pantothenate,d-calcium-pantothenate,vitamin_mineral,active_ingredient,0.9,,True,v1
633,RM-C37-folic-acid-2bb2a34c,37,folic acid,folic-acid,other,other,0.0,llm_error,True,v1
634,RM-C37-gelatin-a40fdc3f,37,gelatin,gelatin,other,other,0.0,llm_error,True,v1
635,RM-C37-gummy-base-7cb34dcd,37,gummy base,gummy-base,other,other,0.0,llm_error,True,v1
636,RM-C37-hydroxypropyl-methylcellulose-6110db19,37,hydroxypropyl methylcellulose,hydroxypropyl-methylcellulose,thickener_stabilizer,structural,0.8,,True,v1
637,RM-C37-inulin-c35ef509,37,inulin,inulin,carbohydrate_starch,bulking,0.9,,True,v1
638,RM-C37-lycopene-8cb6cef4,37,lycopene,lycopene,other,other,0.0,llm_error,True,v1
639,RM-C37-magnesium-oxide-f07b6a9a,37,magnesium oxide,magnesium-oxide,vitamin_mineral,active_ingredient,0.9,,True,v1
640,RM-C37-maltodextrin-8bbe7b7e,37,maltodextrin,maltodextrin,carbohydrate_starch,bulking,0.8,,True,v1
641,RM-C37-manganese-11c87791,37,manganese,manganese,other,other,0.0,llm_error,True,v1
642,RM-C37-manganese-sulfate-1324ef0a,37,manganese sulfate,manganese-sulfate,vitamin_mineral,active_ingredient,0.9,,True,v1
643,RM-C37-medium-chain-triglycerides-c9f8b215,37,medium chain triglycerides,medium-chain-triglycerides,other,other,0.0,llm_error,True,v1
644,RM-C37-microcrystalline-cellulose-613163d9,37,microcrystalline cellulose,microcrystalline-cellulose,excipient_binder,binder,0.9,,True,v1
645,RM-C37-natural-flavors-cbe92289,37,natural flavors,natural-flavors,flavorant,flavoring,0.9,,True,v1
646,RM-C37-niacin-578ac50b,37,niacin,niacin,other,other,0.0,llm_error,True,v1
647,RM-C37-niacinamide-51ff204b,37,niacinamide,niacinamide,other,other,0.0,llm_error,True,v1
648,RM-C37-pantothenic-acid-9279a870,37,pantothenic acid,pantothenic-acid,vitamin_mineral,active_ingredient,1.0,,True,v1
649,RM-C37-polyvinylpolypyrrolidone-7e317c46,37,polyvinylpolypyrrolidone,polyvinylpolypyrrolidone,excipient_binder,binder,0.8,,True,v1
650,RM-C37-potassium-iodide-f9b2b205,37,potassium iodide,potassium-iodide,vitamin_mineral,active_ingredient,0.9,,True,v1
651,RM-C37-pyridoxine-hydrochloride-67345b25,37,pyridoxine hydrochloride,pyridoxine-hydrochloride,other,other,0.0,llm_error,True,v1
652,RM-C37-riboflavin-ece92ffe,37,riboflavin,riboflavin,vitamin_mineral,active_ingredient,0.9,,True,v1
653,RM-C37-selenium-f5f4d7c6,37,selenium,selenium,vitamin_mineral,active_ingredient,1.0,,True,v1
654,RM-C37-silicon-dioxide-16967f77,37,silicon dioxide,silicon-dioxide,other,other,0.0,llm_error,True,v1
655,RM-C37-sodium-selenite-5b7a29da,37,sodium selenite,sodium-selenite,other,other,0.0,llm_error,True,v1
656,RM-C37-stearic-acid-8fe47daa,37,stearic acid,stearic-acid,lipid_fat,emulsification,0.8,,True,v1
657,RM-C37-thiamin-34ea3d66,37,thiamin,thiamin,vitamin_mineral,active_ingredient,1.0,,True,v1
658,RM-C37-thiamine-mononitrate-1795539a,37,thiamine mononitrate,thiamine-mononitrate,other,other,0.0,llm_error,True,v1
659,RM-C37-vitamin-a-1b4aced9,37,vitamin a,vitamin-a,vitamin_mineral,active_ingredient,1.0,,True,v1
660,RM-C37-vitamin-a-acetate-c9020dfa,37,vitamin a acetate,vitamin-a-acetate,vitamin_mineral,active_ingredient,1.0,,True,v1
661,RM-C37-vitamin-b12-3cf1dc01,37,vitamin b12,vitamin-b12,vitamin_mineral,active_ingredient,1.0,,True,v1
662,RM-C37-vitamin-b6-6cd7e57e,37,vitamin b6,vitamin-b6,vitamin_mineral,active_ingredient,1.0,,True,v1
663,RM-C37-vitamin-c-32bfc0a0,37,vitamin c,vitamin-c,other,other,0.0,llm_error,True,v1
664,RM-C37-vitamin-d-e888c721,37,vitamin d,vitamin-d,vitamin_mineral,active_ingredient,0.9,,True,v1
665,RM-C37-vitamin-e-cf6cd7f8,37,vitamin e,vitamin-e,vitamin_mineral,active_ingredient,0.9,,True,v1
666,RM-C37-vitamin-k-8eb31269,37,vitamin k,vitamin-k,other,other,0.0,llm_error,True,v1
667,RM-C37-zinc-eacf0348,37,zinc,zinc,vitamin_mineral,active_ingredient,0.9,,True,v1
668,RM-C37-zinc-oxide-b733fd8f,37,zinc oxide,zinc-oxide,other,other,0.0,llm_error,True,v1
669,RM-C37-dl-alpha-tocopheryl-acetate-50d2f8bd,37,dl alpha tocopheryl acetate,dl-alpha-tocopheryl-acetate,other,other,0.0,llm_error,True,v1
670,RM-C38-acesulfame-potassium-f51994fd,38,acesulfame potassium,acesulfame-potassium,sweetener,sweetening,0.9,,True,v1
671,RM-C38-artificial-flavor-66466071,38,artificial flavor,artificial-flavor,other,other,0.0,llm_error,True,v1
672,RM-C38-cellulose-gum-4260e588,38,cellulose gum,cellulose-gum,other,other,0.0,llm_error,True,v1
673,RM-C38-cocoa-powder-processed-with-alkali-fc69b9d4,38,cocoa powder processed with alkali,cocoa-powder-processed-with-alkali,other,other,0.0,llm_error,True,v1
674,RM-C38-hydrolyzed-whey-protein-9f15d933,38,hydrolyzed whey protein,hydrolyzed-whey-protein,amino_acid_protein,active_ingredient,0.9,,True,v1
675,RM-C38-natural-and-artificial-flavors-fbca0d45,38,natural and artificial flavors,natural-and-artificial-flavors,other,other,0.0,llm_error,True,v1
676,RM-C38-natural-flavor-ec532add,38,natural flavor,natural-flavor,flavorant,flavoring,1.0,,True,v1
677,RM-C38-salt-bddf68d5,38,salt,salt,other,other,0.0,llm_error,True,v1
678,RM-C38-soy-lecithin-563dc5ae,38,soy lecithin,soy-lecithin,emulsifier,emulsification,0.9,,True,v1
679,RM-C38-sucralose-ea50c9df,38,sucralose,sucralose,sweetener,sweetening,0.9,,True,v1
680,RM-C38-sunflower-lecithin-57949880,38,sunflower lecithin,sunflower-lecithin,other,other,0.0,llm_error,True,v1
681,RM-C38-whey-protein-concentrate-c419722f,38,whey protein concentrate,whey-protein-concentrate,other,other,0.0,llm_error,True,v1
682,RM-C38-whey-protein-isolate-f910e5ae,38,whey protein isolate,whey-protein-isolate,other,other,0.0,llm_error,True,v1
683,RM-C38-xanthan-gum-67eb24ef,38,xanthan gum,xanthan-gum,thickener_stabilizer,structural,0.9,,True,v1
684,RM-C39-cellulose-gum-04700a3c,39,cellulose gum,cellulose-gum,other,other,0.0,llm_error,True,v1
685,RM-C39-grass-fed-whey-protein-concentrate-43f49f43,39,grass fed whey protein concentrate,grass-fed-whey-protein-concentrate,other,other,0.0,llm_error,True,v1
686,RM-C39-natural-flavors-8eb8a548,39,natural flavors,natural-flavors,flavorant,flavoring,0.9,,True,v1
687,RM-C39-organic-acacia-a1a4fd61,39,organic acacia,organic-acacia,thickener_stabilizer,binder,0.8,,True,v1
688,RM-C39-organic-erythritol-5e3cd183,39,organic erythritol,organic-erythritol,sweetener,sweetening,1.0,,True,v1
690,RM-C39-organic-inulin-b5d7a6d9,39,organic inulin,organic-inulin,carbohydrate_starch,bulking,0.8,,True,v1
691,RM-C39-organic-rice-bran-extract-b66ec8f2,39,organic rice bran extract,organic-rice-bran-extract,herbal_botanical,other,0.7,,True,v1
692,RM-C39-organic-rice-dextrins-1576ca20,39,organic rice dextrins,organic-rice-dextrins,carbohydrate_starch,bulking,0.8,,True,v1
693,RM-C39-organic-rosemary-extract-64ac6002,39,organic rosemary extract,organic-rosemary-extract,herbal_botanical,flavoring,0.8,,True,v1
694,RM-C39-organic-stevia-5f6b93f5,39,organic stevia,organic-stevia,other,other,0.0,llm_error,True,v1
695,RM-C39-potassium-chloride-8ccbe8a7,39,potassium chloride,potassium-chloride,other,other,0.7,,True,v1
696,RM-C39-sea-salt-ca9e7781,39,sea salt,sea-salt,other,flavoring,0.7,,True,v1
697,RM-C39-xanthan-gum-65a01479,39,xanthan gum,xanthan-gum,thickener_stabilizer,structural,0.9,,True,v1
698,RM-C40-acesulfame-potassium-6684085e,40,acesulfame potassium,acesulfame-potassium,sweetener,sweetening,0.9,,True,v1
699,RM-C40-ascorbic-acid-vitamin-c-2db5a34b,40,ascorbic acid vitamin c,ascorbic-acid-vitamin-c,vitamin_mineral,active_ingredient,0.9,,True,v1
700,RM-C40-citric-acid-c97d12d1,40,citric acid,citric-acid,acidulant,ph_buffering,0.9,,True,v1
701,RM-C40-coconut-water-from-concentrate-c23c9c80,40,coconut water from concentrate,coconut-water-from-concentrate,other,other,0.6,,True,v1
702,RM-C40-cyanocobalamin-vitamin-b12-2048bd4e,40,cyanocobalamin vitamin b12,cyanocobalamin-vitamin-b12,vitamin_mineral,active_ingredient,1.0,,True,v1
703,RM-C40-d-alpha-tocopheryl-acetate-vitamin-e-4f0e2772,40,d alpha tocopheryl acetate vitamin e,d-alpha-tocopheryl-acetate-vitamin-e,vitamin_mineral,active_ingredient,1.0,,True,v1
704,RM-C40-dipotassium-phosphate-0f032a47,40,dipotassium phosphate,dipotassium-phosphate,other,ph_buffering,0.7,,True,v1
705,RM-C40-l-isoleucine-fc3f6810,40,l isoleucine,l-isoleucine,amino_acid_protein,active_ingredient,0.9,,True,v1
706,RM-C40-l-leucine-dc251fa2,40,l leucine,l-leucine,amino_acid_protein,active_ingredient,0.9,,True,v1
707,RM-C40-l-valine-237d9405,40,l valine,l-valine,amino_acid_protein,active_ingredient,0.9,,True,v1
708,RM-C40-magnesium-citrate-a5181724,40,magnesium citrate,magnesium-citrate,vitamin_mineral,active_ingredient,0.9,,True,v1
709,RM-C40-natural-flavor-8c940fd7,40,natural flavor,natural-flavor,flavorant,flavoring,1.0,,True,v1
710,RM-C40-pyridoxine-hydrochloride-vitamin-b6-3753727e,40,pyridoxine hydrochloride vitamin b6,pyridoxine-hydrochloride-vitamin-b6,vitamin_mineral,active_ingredient,1.0,,True,v1
711,RM-C40-retinyl-palmitate-vitamin-a-037f1204,40,retinyl palmitate vitamin a,retinyl-palmitate-vitamin-a,vitamin_mineral,active_ingredient,1.0,,True,v1
712,RM-C40-sea-salt-cc1b7ba6,40,sea salt,sea-salt,other,flavoring,0.7,,True,v1
713,RM-C40-sucralose-23b7e87e,40,sucralose,sucralose,sweetener,sweetening,0.9,,True,v1
714,RM-C41-anhydrous-dextrose-d3ab3366,41,anhydrous dextrose,anhydrous-dextrose,other,other,0.0,llm_error,True,v1
715,RM-C41-citric-acid-1ace1f97,41,citric acid,citric-acid,acidulant,ph_buffering,0.9,,True,v1
716,RM-C41-natural-and-artificial-flavors-9b95de33,41,natural and artificial flavors,natural-and-artificial-flavors,other,other,0.0,llm_error,True,v1
717,RM-C41-potassium-citrate-614cd5f0,41,potassium citrate,potassium-citrate,other,other,0.0,llm_error,True,v1
718,RM-C41-salt-601e8ca1,41,salt,salt,other,other,0.0,llm_error,True,v1
719,RM-C42-calcium-7730815b,42,calcium,calcium,vitamin_mineral,active_ingredient,0.9,,True,v1
720,RM-C42-magnesium-c8ab4bb5,42,magnesium,magnesium,vitamin_mineral,active_ingredient,0.9,,True,v1
721,RM-C42-manganese-48c4b6c0,42,manganese,manganese,other,other,0.0,llm_error,True,v1
722,RM-C42-organic-stevia-673828e1,42,organic stevia,organic-stevia,other,other,0.0,llm_error,True,v1
723,RM-C42-pink-himalayan-salt-0d9b133e,42,pink himalayan salt,pink-himalayan-salt,other,other,0.0,llm_error,True,v1
724,RM-C42-potassium-73c4631d,42,potassium,potassium,vitamin_mineral,active_ingredient,0.9,,True,v1
725,RM-C42-vitamin-c-e6bbe2c3,42,vitamin c,vitamin-c,other,other,0.0,llm_error,True,v1
726,RM-C42-zinc-9419c71d,42,zinc,zinc,vitamin_mineral,active_ingredient,0.9,,True,v1
727,RM-C43-acesulfame-potassium-0f3b3a01,43,acesulfame potassium,acesulfame-potassium,sweetener,sweetening,0.9,,True,v1
728,RM-C43-natural-and-artificial-flavors-5df885b2,43,natural and artificial flavors,natural-and-artificial-flavors,other,other,0.0,llm_error,True,v1
729,RM-C43-salt-ff3b2d7b,43,salt,salt,other,other,0.0,llm_error,True,v1
730,RM-C43-sucralose-34d90dd1,43,sucralose,sucralose,sweetener,sweetening,0.9,,True,v1
731,RM-C43-sunflower-lecithin-c6faf83a,43,sunflower lecithin,sunflower-lecithin,other,other,0.0,llm_error,True,v1
732,RM-C43-whey-protein-concentrate-9e1878ec,43,whey protein concentrate,whey-protein-concentrate,other,other,0.0,llm_error,True,v1
733,RM-C43-whey-protein-isolate-f612d921,43,whey protein isolate,whey-protein-isolate,other,other,0.0,llm_error,True,v1
734,RM-C44-boron-calcium-fructoborate-e286252b,44,boron calcium fructoborate,boron-calcium-fructoborate,other,other,0.0,llm_error,True,v1
735,RM-C44-cellulose-8f00a013,44,cellulose,cellulose,thickener_stabilizer,structural,0.8,,True,v1
737,RM-C44-gellan-gum-b7fdbe7e,44,gellan gum,gellan-gum,other,other,0.0,llm_error,True,v1
738,RM-C44-hypromellose-09b87db3,44,hypromellose,hypromellose,thickener_stabilizer,bulking,0.9,,True,v1
739,RM-C44-magnesium-dimagnesium-malate-ada4840f,44,magnesium dimagnesium malate,magnesium-dimagnesium-malate,other,other,0.0,llm_error,True,v1
740,RM-C44-non-gmo-corn-zein-f09ef11c,44,non gmo corn zein,non-gmo-corn-zein,other,other,0.0,llm_error,True,v1
741,RM-C44-omega-3-dha-93196c59,44,omega 3 dha,omega-3-dha,lipid_fat,active_ingredient,0.9,,True,v1
742,RM-C44-silica-eabf835d,44,silica,silica,excipient_binder,flow_agent,0.8,,True,v1
743,RM-C44-vitamin-a-retinyl-palmitate-c8fb97b4,44,vitamin a retinyl palmitate,vitamin-a-retinyl-palmitate,vitamin_mineral,active_ingredient,0.9,,True,v1
744,RM-C44-vitamin-b12-methylcobalamin-5f1622cd,44,vitamin b12 methylcobalamin,vitamin-b12-methylcobalamin,other,other,0.0,llm_error,True,v1
745,RM-C44-vitamin-d3-cholecalciferol-7429dd7b,44,vitamin d3 cholecalciferol,vitamin-d3-cholecalciferol,other,other,0.0,llm_error,True,v1
746,RM-C44-vitamin-e-alpha-tocopherol-0ac90371,44,vitamin e alpha tocopherol,vitamin-e-alpha-tocopherol,other,other,0.0,llm_error,True,v1
747,RM-C44-vitamin-k2-menaquinone-7-67e508fd,44,vitamin k2 menaquinone 7,vitamin-k2-menaquinone-7,vitamin_mineral,active_ingredient,1.0,,True,v1
748,RM-C44-zinc-zinc-bisglycinate-1d1aacc9,44,zinc zinc bisglycinate,zinc-zinc-bisglycinate,vitamin_mineral,active_ingredient,0.9,,True,v1
749,RM-C45-kalahari-desert-salt-bda53857,45,kalahari desert salt,kalahari-desert-salt,other,flavoring,0.7,,True,v1
750,RM-C45-natural-peach-flavor-ad37c12c,45,natural peach flavor,natural-peach-flavor,other,other,0.0,llm_error,True,v1
751,RM-C45-prebiotic-fiber-19375eea,45,prebiotic fiber,prebiotic-fiber,other,other,0.0,llm_error,True,v1
752,RM-C45-probiotic-cultures-288f2f30,45,probiotic cultures,probiotic-cultures,other,active_ingredient,0.8,,True,v1
753,RM-C46-chloride-f97942ce,46,chloride,chloride,vitamin_mineral,active_ingredient,0.7,,True,v1
754,RM-C46-magnesium-c7a80cd7,46,magnesium,magnesium,vitamin_mineral,active_ingredient,0.9,,True,v1
755,RM-C46-potassium-2f0ec99d,46,potassium,potassium,vitamin_mineral,active_ingredient,0.9,,True,v1
756,RM-C46-sodium-ee605774,46,sodium,sodium,vitamin_mineral,active_ingredient,0.9,,True,v1
757,RM-C47-organic-dairy-whey-protein-concentrate-380e0c61,47,organic dairy whey protein concentrate,organic-dairy-whey-protein-concentrate,amino_acid_protein,active_ingredient,0.9,,True,v1
758,RM-C47-organic-sunflower-lecithin-0369477b,47,organic sunflower lecithin,organic-sunflower-lecithin,other,other,0.0,llm_error,True,v1
759,RM-C48-microcrystalline-cellulose-aa7703fd,48,microcrystalline cellulose,microcrystalline-cellulose,excipient_binder,binder,0.9,,True,v1
760,RM-C48-riboflavin-1c60a1f7,48,riboflavin,riboflavin,vitamin_mineral,active_ingredient,0.9,,True,v1
761,RM-C48-silica-35249d68,48,silica,silica,excipient_binder,flow_agent,0.8,,True,v1
762,RM-C48-vegetable-cellulose-61685b37,48,vegetable cellulose,vegetable-cellulose,thickener_stabilizer,structural,0.8,,True,v1
763,RM-C48-vegetable-glycerin-38cf02f7,48,vegetable glycerin,vegetable-glycerin,solvent_carrier,other,0.7,,True,v1
764,RM-C48-vegetable-magnesium-stearate-f8b702b6,48,vegetable magnesium stearate,vegetable-magnesium-stearate,excipient_binder,flow_agent,0.9,,True,v1
765,RM-C48-vegetable-stearic-acid-c62355d9,48,vegetable stearic acid,vegetable-stearic-acid,lipid_fat,emulsification,0.8,,True,v1
766,RM-C48-vitamin-d3-cholecalciferol-a14e1c25,48,vitamin d3 cholecalciferol,vitamin-d3-cholecalciferol,other,other,0.0,llm_error,True,v1
767,RM-C49-coconut-mct-oil-df9c4153,49,coconut mct oil,coconut-mct-oil,lipid_fat,active_ingredient,0.8,,True,v1
768,RM-C49-plantgel-capsule-98443da5,49,plantgel capsule,plantgel-capsule,other,other,0.0,llm_error,True,v1
769,RM-C49-vitamin-d3-cholecalciferol-0d990e67,49,vitamin d3 cholecalciferol,vitamin-d3-cholecalciferol,other,other,0.0,llm_error,True,v1
770,RM-C49-vitamin-k2-menaquinone-7-a5d25cb5,49,vitamin k2 menaquinone 7,vitamin-k2-menaquinone-7,vitamin_mineral,active_ingredient,1.0,,True,v1
771,RM-C50-gelatin-e04eefe9,50,gelatin,gelatin,other,other,0.0,llm_error,True,v1
772,RM-C50-glycerin-46154c5e,50,glycerin,glycerin,solvent_carrier,other,0.8,,True,v1
774,RM-C50-soybean-oil-525500a0,50,soybean oil,soybean-oil,lipid_fat,structural,0.8,,True,v1
775,RM-C50-vitamin-d3-cholecalciferol-22ab18a7,50,vitamin d3 cholecalciferol,vitamin-d3-cholecalciferol,other,other,0.0,llm_error,True,v1
776,RM-C51-beet-juice-powder-e6a75b77,51,beet juice powder,beet-juice-powder,other,other,0.0,llm_error,True,v1
777,RM-C51-calcium-citrate-05013377,51,calcium citrate,calcium-citrate,vitamin_mineral,active_ingredient,0.9,,True,v1
778,RM-C51-citric-acid-b71ce960,51,citric acid,citric-acid,acidulant,ph_buffering,0.9,,True,v1
779,RM-C51-fruit-and-vegetable-juice-2b966920,51,fruit and vegetable juice,fruit-and-vegetable-juice,colorant,coloring,0.7,,True,v1
780,RM-C51-magnesium-citrate-cab42be9,51,magnesium citrate,magnesium-citrate,vitamin_mineral,active_ingredient,0.9,,True,v1
781,RM-C51-malic-acid-ba710486,51,malic acid,malic-acid,acidulant,ph_buffering,0.9,,True,v1
782,RM-C51-manganese-chelate-2371eb5e,51,manganese chelate,manganese-chelate,other,other,0.0,llm_error,True,v1
783,RM-C51-natural-flavor-536a8cd1,51,natural flavor,natural-flavor,flavorant,flavoring,1.0,,True,v1
784,RM-C51-pink-himalayan-salt-81828c4c,51,pink himalayan salt,pink-himalayan-salt,other,other,0.0,llm_error,True,v1
785,RM-C51-potassium-citrate-2d946db4,51,potassium citrate,potassium-citrate,other,other,0.0,llm_error,True,v1
786,RM-C51-potassium-phosphate-adcfe753,51,potassium phosphate,potassium-phosphate,other,ph_buffering,0.7,,True,v1
787,RM-C51-silicon-dioxide-ff5733b0,51,silicon dioxide,silicon-dioxide,other,other,0.0,llm_error,True,v1
788,RM-C51-stevia-leaf-extract-5786cb50,51,stevia leaf extract,stevia-leaf-extract,sweetener,sweetening,1.0,,True,v1
789,RM-C51-sucralose-2f4eb103,51,sucralose,sucralose,sweetener,sweetening,0.9,,True,v1
790,RM-C51-vitamin-c-calcium-ascorbate-cc36787c,51,vitamin c calcium ascorbate,vitamin-c-calcium-ascorbate,vitamin_mineral,active_ingredient,0.9,,True,v1
791,RM-C51-zinc-chelate-89f8dfbc,51,zinc chelate,zinc-chelate,vitamin_mineral,active_ingredient,0.9,,True,v1
792,RM-C52-aqueous-coating-d3902f73,52,aqueous coating,aqueous-coating,packaging_aid,coating,0.8,,True,v1
793,RM-C52-astaxanthin-52c593d5,52,astaxanthin,astaxanthin,other,active_ingredient,0.7,,True,v1
794,RM-C52-b-vitamins-a8a22ae9,52,b vitamins,b-vitamins,vitamin_mineral,active_ingredient,0.9,,True,v1
795,RM-C52-black-pepper-concentrate-c4264fd8,52,black pepper concentrate,black-pepper-concentrate,other,other,0.0,llm_error,True,v1
796,RM-C52-bone-gelatin-bovine-00801541,52,bone gelatin bovine,bone-gelatin-bovine,amino_acid_protein,structural,0.8,,True,v1
797,RM-C52-boron-amino-acid-chelate-bddb269c,52,boron amino acid chelate,boron-amino-acid-chelate,vitamin_mineral,active_ingredient,0.9,,True,v1
798,RM-C52-citrus-bioflavonoids-0eafa0d2,52,citrus bioflavonoids,citrus-bioflavonoids,herbal_botanical,active_ingredient,0.8,,True,v1
799,RM-C52-coenzyme-q10-2ac6b422,52,coenzyme q10,coenzyme-q10,other,active_ingredient,0.9,,True,v1
800,RM-C52-croscarmellose-sodium-cf407533,52,croscarmellose sodium,croscarmellose-sodium,other,other,0.0,llm_error,True,v1
801,RM-C52-gelatin-capsule-d73cae98,52,gelatin capsule,gelatin-capsule,other,other,0.0,llm_error,True,v1
802,RM-C52-glycerin-6d2397e8,52,glycerin,glycerin,solvent_carrier,other,0.8,,True,v1
803,RM-C52-grape-seed-extract-24729e2a,52,grape seed extract,grape-seed-extract,other,other,0.0,llm_error,True,v1
804,RM-C52-green-tea-extract-d0c3336d,52,green tea extract,green-tea-extract,other,other,0.0,llm_error,True,v1
805,RM-C52-hypromellose-capsule-1f966702,52,hypromellose capsule,hypromellose-capsule,other,other,0.0,llm_error,True,v1
806,RM-C52-inositol-7e1bd408,52,inositol,inositol,vitamin_mineral,active_ingredient,0.9,,True,v1
807,RM-C52-lecithin-a3b01178,52,lecithin,lecithin,emulsifier,emulsification,0.9,,True,v1
808,RM-C52-lutein-bbbf953c,52,lutein,lutein,vitamin_mineral,active_ingredient,0.9,,True,v1
809,RM-C52-lycopene-7367e764,52,lycopene,lycopene,other,other,0.0,llm_error,True,v1
810,RM-C52-magnesium-bad565ba,52,magnesium,magnesium,vitamin_mineral,active_ingredient,0.9,,True,v1
811,RM-C52-magnesium-aspartate-587ada69,52,magnesium aspartate,magnesium-aspartate,other,other,0.0,llm_error,True,v1
812,RM-C52-magnesium-citrate-dd88ed96,52,magnesium citrate,magnesium-citrate,vitamin_mineral,active_ingredient,0.9,,True,v1
813,RM-C52-magnesium-glycinate-18aefa48,52,magnesium glycinate,magnesium-glycinate,vitamin_mineral,active_ingredient,0.9,,True,v1
814,RM-C52-magnesium-stearate-c3a91d20,52,magnesium stearate,magnesium-stearate,other,other,0.0,llm_error,True,v1
815,RM-C52-magnesium-taurate-a92bc022,52,magnesium taurate,magnesium-taurate,vitamin_mineral,active_ingredient,0.9,,True,v1
816,RM-C52-microcrystalline-cellulose-10b9f4fb,52,microcrystalline cellulose,microcrystalline-cellulose,excipient_binder,binder,0.9,,True,v1
817,RM-C52-modified-cellulose-80821d07,52,modified cellulose,modified-cellulose,thickener_stabilizer,bulking,0.8,,True,v1
818,RM-C52-natural-vanilla-flavor-46230f28,52,natural vanilla flavor,natural-vanilla-flavor,flavorant,flavoring,0.9,,True,v1
819,RM-C52-oil-fill-f62eb920,52,oil fill,oil-fill,other,other,0.0,llm_error,True,v1
820,RM-C52-performance-support-nutrients-165afec4,52,performance support nutrients,performance-support-nutrients,other,active_ingredient,0.3,specific nutrients,True,v1
821,RM-C52-pomegranate-extract-9e5077f4,52,pomegranate extract,pomegranate-extract,other,other,0.0,llm_error,True,v1
823,RM-C52-resveratrol-380303bc,52,resveratrol,resveratrol,herbal_botanical,active_ingredient,0.8,,True,v1
824,RM-C52-rhodiola-rosea-extract-root-67517b7c,52,rhodiola rosea extract root,rhodiola-rosea-extract-root,herbal_botanical,active_ingredient,0.9,,True,v1
825,RM-C52-silica-b4663ebe,52,silica,silica,excipient_binder,flow_agent,0.8,,True,v1
826,RM-C52-stearic-acid-bc04499f,52,stearic acid,stearic-acid,lipid_fat,emulsification,0.8,,True,v1
827,RM-C52-sunflower-oil-32988c9f,52,sunflower oil,sunflower-oil,lipid_fat,other,0.8,,True,v1
828,RM-C52-vanadium-as-vanadyl-sulfate-52713008,52,vanadium as vanadyl sulfate,vanadium-as-vanadyl-sulfate,vitamin_mineral,active_ingredient,0.9,,True,v1
829,RM-C52-vitamin-a-2b057046,52,vitamin a,vitamin-a,vitamin_mineral,active_ingredient,1.0,,True,v1
830,RM-C52-vitamin-c-cb25e76b,52,vitamin c,vitamin-c,other,other,0.0,llm_error,True,v1
831,RM-C52-vitamin-d-8be54225,52,vitamin d,vitamin-d,vitamin_mineral,active_ingredient,0.9,,True,v1
832,RM-C52-vitamin-d3-cholecalciferol-1d08f804,52,vitamin d3 cholecalciferol,vitamin-d3-cholecalciferol,other,other,0.0,llm_error,True,v1
833,RM-C52-vitamin-e-ba108fda,52,vitamin e,vitamin-e,vitamin_mineral,active_ingredient,0.9,,True,v1
834,RM-C52-vitamin-k2-14872ba1,52,vitamin k2,vitamin-k2,other,other,0.0,llm_error,True,v1
835,RM-C52-whey-protein-isolate-c26e7fed,52,whey protein isolate,whey-protein-isolate,other,other,0.0,llm_error,True,v1
836,RM-C52-zeaxanthin-fdb7165d,52,zeaxanthin,zeaxanthin,herbal_botanical,active_ingredient,0.8,,True,v1
837,RM-C52-zinc-0d5d167a,52,zinc,zinc,vitamin_mineral,active_ingredient,0.9,,True,v1
838,RM-C53-hypromellose-62e46f08,53,hypromellose,hypromellose,thickener_stabilizer,bulking,0.9,,True,v1
839,RM-C53-leucine-d14d0c88,53,leucine,leucine,other,other,0.0,llm_error,True,v1
840,RM-C53-microcrystalline-cellulose-50860e67,53,microcrystalline cellulose,microcrystalline-cellulose,excipient_binder,binder,0.9,,True,v1
841,RM-C53-silicon-dioxide-e129db18,53,silicon dioxide,silicon-dioxide,other,other,0.0,llm_error,True,v1
842,RM-C53-vitamin-d3-cholecalciferol-d3043492,53,vitamin d3 cholecalciferol,vitamin-d3-cholecalciferol,other,other,0.0,llm_error,True,v1
843,RM-C53-vitamin-e-d-alpha-tocopheryl-95f6e23c,53,vitamin e d alpha tocopheryl,vitamin-e-d-alpha-tocopheryl,other,other,0.0,llm_error,True,v1
844,RM-C54-natural-vanilla-flavor-a683c377,54,natural vanilla flavor,natural-vanilla-flavor,flavorant,flavoring,0.9,,True,v1
845,RM-C54-organic-whey-protein-37daa164,54,organic whey protein,organic-whey-protein,other,other,0.0,llm_error,True,v1
846,RM-C55-alfalfa-leaf-d50c2290,55,alfalfa leaf,alfalfa-leaf,herbal_botanical,active_ingredient,0.8,,True,v1
847,RM-C55-boron-4ae66b5e,55,boron,boron,other,other,0.0,llm_error,True,v1
848,RM-C55-chloride-785dda86,55,chloride,chloride,vitamin_mineral,active_ingredient,0.7,,True,v1
849,RM-C55-concentrace-trace-minerals-d946a4e9,55,concentrace trace minerals,concentrace-trace-minerals,vitamin_mineral,active_ingredient,0.9,,True,v1
850,RM-C55-croscarmellose-sodium-f806a3ba,55,croscarmellose sodium,croscarmellose-sodium,other,other,0.0,llm_error,True,v1
851,RM-C55-hydroxypropyl-methyl-cellulose-d319fb46,55,hydroxypropyl methyl cellulose,hydroxypropyl-methyl-cellulose,thickener_stabilizer,bulking,0.9,,True,v1
852,RM-C55-iron-glycinate-6ef778b3,55,iron glycinate,iron-glycinate,other,other,0.0,llm_error,True,v1
853,RM-C55-kelp-extract-c17e558c,55,kelp extract,kelp-extract,herbal_botanical,active_ingredient,0.8,,True,v1
854,RM-C55-magnesium-719304ad,55,magnesium,magnesium,vitamin_mineral,active_ingredient,0.9,,True,v1
855,RM-C55-magnesium-stearate-475309ec,55,magnesium stearate,magnesium-stearate,other,other,0.0,llm_error,True,v1
856,RM-C55-microcrystalline-cellulose-6b9cdf39,55,microcrystalline cellulose,microcrystalline-cellulose,excipient_binder,binder,0.9,,True,v1
857,RM-C55-potassium-aaed46d8,55,potassium,potassium,vitamin_mineral,active_ingredient,0.9,,True,v1
858,RM-C55-sodium-613e8388,55,sodium,sodium,vitamin_mineral,active_ingredient,0.9,,True,v1
859,RM-C55-stearic-acid-3a1ca9f9,55,stearic acid,stearic-acid,lipid_fat,emulsification,0.8,,True,v1
860,RM-C55-sulfate-92639eea,55,sulfate,sulfate,other,other,0.3,specific type of sulfate,True,v1
861,RM-C55-taurine-e1cf4b6c,55,taurine,taurine,other,other,0.0,llm_error,True,v1
862,RM-C55-vitamin-b6-pyridoxal-5-phosphate-5af7c48a,55,vitamin b6 pyridoxal 5 phosphate,vitamin-b6-pyridoxal-5-phosphate,vitamin_mineral,active_ingredient,1.0,,True,v1
863,RM-C56-beet-extract-e7c171ca,56,beet extract,beet-extract,colorant,coloring,0.8,,True,v1
864,RM-C56-beta-carotene-30b80b09,56,beta carotene,beta-carotene,colorant,coloring,0.9,,True,v1
865,RM-C56-calcium-ascorbate-fca157d3,56,calcium ascorbate,calcium-ascorbate,vitamin_mineral,active_ingredient,0.9,,True,v1
866,RM-C56-calcium-lactate-gluconate-44d08e4d,56,calcium lactate gluconate,calcium-lactate-gluconate,other,other,0.0,llm_error,True,v1
867,RM-C56-citric-acid-d55c874f,56,citric acid,citric-acid,acidulant,ph_buffering,0.9,,True,v1
868,RM-C56-coloring-concentrates-92216482,56,coloring concentrates,coloring-concentrates,colorant,coloring,0.9,,True,v1
869,RM-C56-magnesium-citrate-5cf5996a,56,magnesium citrate,magnesium-citrate,vitamin_mineral,active_ingredient,0.9,,True,v1
870,RM-C56-malic-acid-6d696fa8,56,malic acid,malic-acid,acidulant,ph_buffering,0.9,,True,v1
871,RM-C56-manganese-citrate-0b990e60,56,manganese citrate,manganese-citrate,other,other,0.0,llm_error,True,v1
872,RM-C56-natural-flavors-4adc0048,56,natural flavors,natural-flavors,flavorant,flavoring,0.9,,True,v1
873,RM-C56-natural-passionfruit-flavor-e6075eee,56,natural passionfruit flavor,natural-passionfruit-flavor,other,other,0.0,llm_error,True,v1
874,RM-C56-natural-tangerine-flavor-ed4b8232,56,natural tangerine flavor,natural-tangerine-flavor,other,other,0.0,llm_error,True,v1
875,RM-C56-organic-stevia-leaf-extract-rebaudioside-a-4b383f8d,56,organic stevia leaf extract rebaudioside a,organic-stevia-leaf-extract-rebaudioside-a,sweetener,sweetening,0.9,,True,v1
876,RM-C56-other-natural-flavors-565ce93f,56,other natural flavors,other-natural-flavors,flavorant,flavoring,0.8,,True,v1
877,RM-C56-potassium-aspartate-e54e5e27,56,potassium aspartate,potassium-aspartate,amino_acid_protein,active_ingredient,0.8,,True,v1
878,RM-C56-potassium-phosphate-066639d2,56,potassium phosphate,potassium-phosphate,other,ph_buffering,0.7,,True,v1
879,RM-C56-rebaudioside-a-a60df8cc,56,rebaudioside a,rebaudioside-a,sweetener,sweetening,0.9,,True,v1
880,RM-C56-salt-sodium-chloride-aa9476b4,56,salt sodium chloride,salt-sodium-chloride,other,flavoring,0.9,,True,v1
881,RM-C56-zinc-citrate-45e7f827,56,zinc citrate,zinc-citrate,vitamin_mineral,active_ingredient,0.9,,True,v1
882,RM-C57-b-vitamins-43e97376,57,b vitamins,b-vitamins,vitamin_mineral,active_ingredient,0.9,,True,v1
883,RM-C57-calcium-c4d04740,57,calcium,calcium,vitamin_mineral,active_ingredient,0.9,,True,v1
884,RM-C57-coq10-9d71a3b0,57,coq10,coq10,other,active_ingredient,0.9,,True,v1
885,RM-C57-cultured-nutrients-5c87fee4,57,cultured nutrients,cultured-nutrients,other,other,0.0,llm_error,True,v1
886,RM-C57-fruit-nutrients-b65036d4,57,fruit nutrients,fruit-nutrients,other,active_ingredient,0.6,specific nutrients unknown,True,v1
887,RM-C57-gelatin-7989e661,57,gelatin,gelatin,other,other,0.0,llm_error,True,v1
888,RM-C57-glycerin-f6cb3f81,57,glycerin,glycerin,solvent_carrier,other,0.8,,True,v1
889,RM-C57-green-tea-extract-392bcde1,57,green tea extract,green-tea-extract,other,other,0.0,llm_error,True,v1
890,RM-C57-hydroxypropyl-methylcellulose-fd866cd2,57,hydroxypropyl methylcellulose,hydroxypropyl-methylcellulose,thickener_stabilizer,structural,0.8,,True,v1
891,RM-C57-magnesium-21307eac,57,magnesium,magnesium,vitamin_mineral,active_ingredient,0.9,,True,v1
892,RM-C57-magnesium-l-threonate-magtein-f0269f1e,57,magnesium l threonate magtein,magnesium-l-threonate-magtein,other,other,0.0,llm_error,True,v1
893,RM-C57-magnesium-amino-acid-chelate-9d18d641,57,magnesium amino acid chelate,magnesium-amino-acid-chelate,other,other,0.0,llm_error,True,v1
894,RM-C57-magnesium-malate-20ee1628,57,magnesium malate,magnesium-malate,vitamin_mineral,active_ingredient,0.9,,True,v1
895,RM-C57-magnesium-oxide-bfe97255,57,magnesium oxide,magnesium-oxide,vitamin_mineral,active_ingredient,0.9,,True,v1
896,RM-C57-magnesium-taurinate-cc787279,57,magnesium taurinate,magnesium-taurinate,amino_acid_protein,active_ingredient,0.9,,True,v1
897,RM-C57-microcrystalline-cellulose-4a390b30,57,microcrystalline cellulose,microcrystalline-cellulose,excipient_binder,binder,0.9,,True,v1
898,RM-C57-oil-fill-6d6c2601,57,oil fill,oil-fill,other,other,0.0,llm_error,True,v1
899,RM-C57-potassium-f8472195,57,potassium,potassium,vitamin_mineral,active_ingredient,0.9,,True,v1
900,RM-C57-resveratrol-61a80a5b,57,resveratrol,resveratrol,herbal_botanical,active_ingredient,0.8,,True,v1
901,RM-C57-rice-flour-110edd38,57,rice flour,rice-flour,other,other,0.0,llm_error,True,v1
902,RM-C57-selenium-e7d5f552,57,selenium,selenium,vitamin_mineral,active_ingredient,1.0,,True,v1
903,RM-C57-silicon-dioxide-2a2a437f,57,silicon dioxide,silicon-dioxide,other,other,0.0,llm_error,True,v1
904,RM-C57-trace-mineral-concentrate-74f28e46,57,trace mineral concentrate,trace-mineral-concentrate,vitamin_mineral,active_ingredient,0.8,,True,v1
905,RM-C57-vegetable-magnesium-stearate-006c7e32,57,vegetable magnesium stearate,vegetable-magnesium-stearate,excipient_binder,flow_agent,0.9,,True,v1
906,RM-C57-vegetable-nutrients-4667fd2d,57,vegetable nutrients,vegetable-nutrients,other,active_ingredient,0.6,specific nutrients unknown,True,v1
907,RM-C57-vegetable-stearic-acid-d0876531,57,vegetable stearic acid,vegetable-stearic-acid,lipid_fat,emulsification,0.8,,True,v1
908,RM-C57-vitamin-a-67ccef59,57,vitamin a,vitamin-a,vitamin_mineral,active_ingredient,1.0,,True,v1
909,RM-C57-vitamin-c-51069db6,57,vitamin c,vitamin-c,other,other,0.0,llm_error,True,v1
910,RM-C57-vitamin-d-d6cf0dcb,57,vitamin d,vitamin-d,vitamin_mineral,active_ingredient,0.9,,True,v1
911,RM-C57-vitamin-d3-9213116f,57,vitamin d3,vitamin-d3,vitamin_mineral,active_ingredient,1.0,,True,v1
912,RM-C57-vitamin-d3-cholecalciferol-528f4316,57,vitamin d3 cholecalciferol,vitamin-d3-cholecalciferol,other,other,0.0,llm_error,True,v1
913,RM-C57-vitamin-e-4ec68bfe,57,vitamin e,vitamin-e,vitamin_mineral,active_ingredient,0.9,,True,v1
915,RM-C57-zinc-6557a033,57,zinc,zinc,vitamin_mineral,active_ingredient,0.9,,True,v1
916,RM-C58-blend-of-oils-coconut-and-or-palm-with-beeswax-and-or-carnauba-w-740c2381,58,blend of oils coconut and or palm with beeswax and or carnauba w,blend-of-oils-coconut-and-or-palm-with-beeswax-and-or-carnauba-w,lipid_fat,coating,0.8,,True,v1
917,RM-C58-citric-acid-37ade881,58,citric acid,citric-acid,acidulant,ph_buffering,0.9,,True,v1
918,RM-C58-gelatin-c50b9920,58,gelatin,gelatin,other,other,0.0,llm_error,True,v1
919,RM-C58-lactic-acid-24bdbce4,58,lactic acid,lactic-acid,acidulant,ph_buffering,0.9,,True,v1
920,RM-C58-natural-cherry-flavor-01fcd8a9,58,natural cherry flavor,natural-cherry-flavor,other,other,0.0,llm_error,True,v1
921,RM-C58-sugar-117cb796,58,sugar,sugar,sweetener,sweetening,0.9,,True,v1
922,RM-C58-tapioca-syrup-7b1d82e3,58,tapioca syrup,tapioca-syrup,sweetener,sweetening,0.8,,True,v1
923,RM-C58-vitamin-b12-0f254674,58,vitamin b12,vitamin-b12,vitamin_mineral,active_ingredient,1.0,,True,v1
925,RM-C59-ascorbic-acid-56e58451,59,ascorbic acid,ascorbic-acid,vitamin_mineral,active_ingredient,0.9,,True,v1
926,RM-C59-ascorbyl-palmitate-e1e4a88d,59,ascorbyl palmitate,ascorbyl-palmitate,preservative,preservation,0.8,,True,v1
927,RM-C59-bht-2d7917e1,59,bht,bht,preservative,preservation,0.9,,True,v1
928,RM-C59-beta-carotene-90830a92,59,beta carotene,beta-carotene,colorant,coloring,0.9,,True,v1
929,RM-C59-biotin-463a7b27,59,biotin,biotin,vitamin_mineral,active_ingredient,0.9,,True,v1
930,RM-C59-calcium-carbonate-690f19e0,59,calcium carbonate,calcium-carbonate,vitamin_mineral,active_ingredient,0.9,,True,v1
931,RM-C59-carboxymethylcellulose-sodium-133ab5ac,59,carboxymethylcellulose sodium,carboxymethylcellulose-sodium,other,other,0.0,llm_error,True,v1
932,RM-C59-cholecalciferol-509366a6,59,cholecalciferol,cholecalciferol,vitamin_mineral,active_ingredient,0.9,,True,v1
933,RM-C59-chromium-picolinate-0dcb6cc2,59,chromium picolinate,chromium-picolinate,vitamin_mineral,active_ingredient,0.9,,True,v1
934,RM-C59-cupric-sulfate-5e195820,59,cupric sulfate,cupric-sulfate,other,other,0.0,llm_error,True,v1
935,RM-C59-cyanocobalamin-8c510008,59,cyanocobalamin,cyanocobalamin,vitamin_mineral,active_ingredient,1.0,,True,v1
936,RM-C59-d-calcium-pantothenate-038632c0,59,d calcium pantothenate,d-calcium-pantothenate,vitamin_mineral,active_ingredient,0.9,,True,v1
937,RM-C59-folic-acid-b94e91e8,59,folic acid,folic-acid,other,other,0.0,llm_error,True,v1
938,RM-C59-hydroxypropyl-methylcellulose-abdbe801,59,hydroxypropyl methylcellulose,hydroxypropyl-methylcellulose,thickener_stabilizer,structural,0.8,,True,v1
939,RM-C59-magnesium-oxide-4a98c9ca,59,magnesium oxide,magnesium-oxide,vitamin_mineral,active_ingredient,0.9,,True,v1
940,RM-C59-magnesium-stearate-4561c008,59,magnesium stearate,magnesium-stearate,other,other,0.0,llm_error,True,v1
941,RM-C59-maltodextrin-b4840597,59,maltodextrin,maltodextrin,carbohydrate_starch,bulking,0.8,,True,v1
942,RM-C59-manganese-sulfate-ef83585c,59,manganese sulfate,manganese-sulfate,vitamin_mineral,active_ingredient,0.9,,True,v1
943,RM-C59-medium-chain-triglycerides-3a3179d8,59,medium chain triglycerides,medium-chain-triglycerides,other,other,0.0,llm_error,True,v1
944,RM-C59-microcrystalline-cellulose-eb777a11,59,microcrystalline cellulose,microcrystalline-cellulose,excipient_binder,binder,0.9,,True,v1
945,RM-C59-nicotinamide-c2fc9f74,59,nicotinamide,nicotinamide,vitamin_mineral,active_ingredient,1.0,,True,v1
946,RM-C59-phytonadione-9828ed92,59,phytonadione,phytonadione,vitamin_mineral,active_ingredient,1.0,,True,v1
947,RM-C59-polyvinyl-alcohol-0b7755ed,59,polyvinyl alcohol,polyvinyl-alcohol,excipient_binder,coating,0.8,,True,v1
948,RM-C59-pyridoxine-hydrochloride-8e3b8cb3,59,pyridoxine hydrochloride,pyridoxine-hydrochloride,other,other,0.0,llm_error,True,v1
949,RM-C59-retinyl-acetate-66d8f431,59,retinyl acetate,retinyl-acetate,other,other,0.0,llm_error,True,v1
950,RM-C59-riboflavin-6d322379,59,riboflavin,riboflavin,vitamin_mineral,active_ingredient,0.9,,True,v1
951,RM-C59-silica-632f3bc8,59,silica,silica,excipient_binder,flow_agent,0.8,,True,v1
952,RM-C59-sodium-selenite-4368f280,59,sodium selenite,sodium-selenite,other,other,0.0,llm_error,True,v1
953,RM-C59-sodium-starch-glycolate-c3fc22e9,59,sodium starch glycolate,sodium-starch-glycolate,excipient_binder,binder,0.7,,True,v1
954,RM-C59-sorbitol-8ca4b855,59,sorbitol,sorbitol,sweetener,sweetening,0.9,,True,v1
955,RM-C59-starch-8ddef958,59,starch,starch,carbohydrate_starch,bulking,0.8,,True,v1
956,RM-C59-thiamine-mononitrate-9971bee4,59,thiamine mononitrate,thiamine-mononitrate,other,other,0.0,llm_error,True,v1
957,RM-C59-zinc-oxide-b64ce7de,59,zinc oxide,zinc-oxide,other,other,0.0,llm_error,True,v1
958,RM-C59-dl-tartaric-acid-03e26fb5,59,dl tartaric acid,dl-tartaric-acid,other,other,0.0,llm_error,True,v1
959,RM-C60-b-vitamins-228430aa,60,b vitamins,b-vitamins,vitamin_mineral,active_ingredient,0.9,,True,v1
960,RM-C60-iron-99cff33a,60,iron,iron,vitamin_mineral,active_ingredient,0.9,,True,v1
961,RM-C60-magnesium-glycinate-37b966a0,60,magnesium glycinate,magnesium-glycinate,vitamin_mineral,active_ingredient,0.9,,True,v1
962,RM-C60-organic-agave-inulin-powder-d12caa82,60,organic agave inulin powder,organic-agave-inulin-powder,carbohydrate_starch,bulking,0.8,,True,v1
963,RM-C60-organic-food-complex-83c82fa3,60,organic food complex,organic-food-complex,other,other,0.0,llm_error,True,v1
964,RM-C60-organic-food-complex-blend-20007d19,60,organic food complex blend,organic-food-complex-blend,other,active_ingredient,0.6,specific ingredients unknown,True,v1
965,RM-C60-vegan-capsule-hypromellose-e7b625d7,60,vegan capsule hypromellose,vegan-capsule-hypromellose,packaging_aid,coating,0.9,,True,v1
966,RM-C60-vitamin-a-f0d3ee67,60,vitamin a,vitamin-a,vitamin_mineral,active_ingredient,1.0,,True,v1
967,RM-C60-vitamin-c-26700f36,60,vitamin c,vitamin-c,other,other,0.0,llm_error,True,v1
968,RM-C60-vitamin-d3-301398bc,60,vitamin d3,vitamin-d3,vitamin_mineral,active_ingredient,1.0,,True,v1
969,RM-C60-vitamin-e-51bd7c78,60,vitamin e,vitamin-e,vitamin_mineral,active_ingredient,0.9,,True,v1
971,RM-C61-acesulfame-potassium-0fe24e86,61,acesulfame potassium,acesulfame-potassium,sweetener,sweetening,0.9,,True,v1
972,RM-C61-artificial-flavors-1a59971a,61,artificial flavors,artificial-flavors,flavorant,flavoring,1.0,,True,v1
973,RM-C61-natural-flavors-987592fa,61,natural flavors,natural-flavors,flavorant,flavoring,0.9,,True,v1
974,RM-C61-salt-69aa56ac,61,salt,salt,other,other,0.0,llm_error,True,v1
975,RM-C61-silicon-dioxide-b7db8185,61,silicon dioxide,silicon-dioxide,other,other,0.0,llm_error,True,v1
976,RM-C61-sucralose-ca42d35b,61,sucralose,sucralose,sweetener,sweetening,0.9,,True,v1
977,RM-C61-sunflower-lecithin-3bc12a21,61,sunflower lecithin,sunflower-lecithin,other,other,0.0,llm_error,True,v1
978,RM-C61-whey-protein-concentrate-1e516212,61,whey protein concentrate,whey-protein-concentrate,other,other,0.0,llm_error,True,v1
979,RM-C61-whey-protein-isolate-a098ef43,61,whey protein isolate,whey-protein-isolate,other,other,0.0,llm_error,True,v1
980,RM-C61-xanthan-gum-aaef1463,61,xanthan gum,xanthan-gum,thickener_stabilizer,structural,0.9,,True,v1
981,RM-C62-acesulfame-potassium-db0d2756,62,acesulfame potassium,acesulfame-potassium,sweetener,sweetening,0.9,,True,v1
982,RM-C62-ascorbic-acid-vitamin-c-bafc417d,62,ascorbic acid vitamin c,ascorbic-acid-vitamin-c,vitamin_mineral,active_ingredient,0.9,,True,v1
983,RM-C62-biotin-bde34d3e,62,biotin,biotin,vitamin_mineral,active_ingredient,0.9,,True,v1
984,RM-C62-calcium-060cf77f,62,calcium,calcium,vitamin_mineral,active_ingredient,0.9,,True,v1
985,RM-C62-calcium-carbonate-f7674431,62,calcium carbonate,calcium-carbonate,vitamin_mineral,active_ingredient,0.9,,True,v1
986,RM-C62-calcium-pantothenate-vitamin-b5-be397bac,62,calcium pantothenate vitamin b5,calcium-pantothenate-vitamin-b5,other,other,0.0,llm_error,True,v1
987,RM-C62-cane-sugar-3a174aee,62,cane sugar,cane-sugar,sweetener,sweetening,0.9,,True,v1
988,RM-C62-carboxymethylcellulose-sodium-4b2d41f6,62,carboxymethylcellulose sodium,carboxymethylcellulose-sodium,other,other,0.0,llm_error,True,v1
989,RM-C62-carnauba-wax-1b29fa95,62,carnauba wax,carnauba-wax,other,other,0.0,llm_error,True,v1
990,RM-C62-chromium-3b73995f,62,chromium,chromium,vitamin_mineral,active_ingredient,0.9,,True,v1
991,RM-C62-citric-acid-1bf7cf36,62,citric acid,citric-acid,acidulant,ph_buffering,0.9,,True,v1
992,RM-C62-copper-ac5ea57f,62,copper,copper,vitamin_mineral,active_ingredient,0.9,,True,v1
993,RM-C62-corn-oil-910491c6,62,corn oil,corn-oil,lipid_fat,other,0.8,,True,v1
994,RM-C62-croscarmellose-sodium-f8a1a234,62,croscarmellose sodium,croscarmellose-sodium,other,other,0.0,llm_error,True,v1
995,RM-C62-cyanocobalamin-vitamin-b12-64ceac07,62,cyanocobalamin vitamin b12,cyanocobalamin-vitamin-b12,vitamin_mineral,active_ingredient,1.0,,True,v1
996,RM-C62-dextrose-fee38410,62,dextrose,dextrose,sweetener,sweetening,0.9,,True,v1
997,RM-C62-dipotassium-phosphate-e5d48242,62,dipotassium phosphate,dipotassium-phosphate,other,ph_buffering,0.7,,True,v1
998,RM-C62-folate-00e488da,62,folate,folate,vitamin_mineral,active_ingredient,0.9,,True,v1
999,RM-C62-gelatin-f333c686,62,gelatin,gelatin,other,other,0.0,llm_error,True,v1
1000,RM-C62-gum-acacia-5116cd9c,62,gum acacia,gum-acacia,thickener_stabilizer,emulsification,0.9,,True,v1
1001,RM-C62-iron-ce69dcf7,62,iron,iron,vitamin_mineral,active_ingredient,0.9,,True,v1
1002,RM-C62-magnesium-27e501c9,62,magnesium,magnesium,vitamin_mineral,active_ingredient,0.9,,True,v1
1003,RM-C62-magnesium-glycinate-91e40c88,62,magnesium glycinate,magnesium-glycinate,vitamin_mineral,active_ingredient,0.9,,True,v1
1004,RM-C62-magnesium-oxide-f01522b4,62,magnesium oxide,magnesium-oxide,vitamin_mineral,active_ingredient,0.9,,True,v1
1005,RM-C62-magnesium-silicate-a5115f01,62,magnesium silicate,magnesium-silicate,excipient_binder,flow_agent,0.8,,True,v1
1006,RM-C62-magnesium-stearate-f03e0ce6,62,magnesium stearate,magnesium-stearate,other,other,0.0,llm_error,True,v1
1007,RM-C62-maltodextrin-e4ad06b4,62,maltodextrin,maltodextrin,carbohydrate_starch,bulking,0.8,,True,v1
1008,RM-C62-manganese-1e2d5f6c,62,manganese,manganese,other,other,0.0,llm_error,True,v1
1009,RM-C62-microcrystalline-cellulose-c7cb2454,62,microcrystalline cellulose,microcrystalline-cellulose,excipient_binder,binder,0.9,,True,v1
1010,RM-C62-natural-and-artificial-flavors-8d2408fe,62,natural and artificial flavors,natural-and-artificial-flavors,other,other,0.0,llm_error,True,v1
1011,RM-C62-natural-flavor-d8548a82,62,natural flavor,natural-flavor,flavorant,flavoring,1.0,,True,v1
1012,RM-C62-niacinamide-5dd1cad0,62,niacinamide,niacinamide,other,other,0.0,llm_error,True,v1
1013,RM-C62-niacinamide-vitamin-b3-6eb51d3f,62,niacinamide vitamin b3,niacinamide-vitamin-b3,other,other,0.0,llm_error,True,v1
1014,RM-C62-pantothenic-acid-e361dd4c,62,pantothenic acid,pantothenic-acid,vitamin_mineral,active_ingredient,1.0,,True,v1
1015,RM-C62-pea-starch-b6c86033,62,pea starch,pea-starch,carbohydrate_starch,bulking,0.8,,True,v1
1016,RM-C62-pharmaceutical-glaze-9e2f2a57,62,pharmaceutical glaze,pharmaceutical-glaze,packaging_aid,coating,0.9,,True,v1
1017,RM-C62-potassium-citrate-916cd876,62,potassium citrate,potassium-citrate,other,other,0.0,llm_error,True,v1
1019,RM-C62-pyridoxine-hydrochloride-vitamin-b6-7b4a9792,62,pyridoxine hydrochloride vitamin b6,pyridoxine-hydrochloride-vitamin-b6,vitamin_mineral,active_ingredient,1.0,,True,v1
1020,RM-C62-riboflavin-98692789,62,riboflavin,riboflavin,vitamin_mineral,active_ingredient,0.9,,True,v1
1021,RM-C62-rice-powder-2b0b6431,62,rice powder,rice-powder,carbohydrate_starch,bulking,0.7,,True,v1
1022,RM-C62-salt-8c7e3d71,62,salt,salt,other,other,0.0,llm_error,True,v1
1023,RM-C62-silica-37e58489,62,silica,silica,excipient_binder,flow_agent,0.8,,True,v1
1024,RM-C62-silicon-dioxide-0de24b28,62,silicon dioxide,silicon-dioxide,other,other,0.0,llm_error,True,v1
1025,RM-C62-sodium-alginate-079fb879,62,sodium alginate,sodium-alginate,thickener_stabilizer,structural,0.8,,True,v1
1026,RM-C62-sodium-citrate-b96411ba,62,sodium citrate,sodium-citrate,acidulant,ph_buffering,0.8,,True,v1
1027,RM-C62-soy-lecithin-2621a336,62,soy lecithin,soy-lecithin,emulsifier,emulsification,0.9,,True,v1
1028,RM-C62-soybean-oil-e3a6ee3c,62,soybean oil,soybean-oil,lipid_fat,structural,0.8,,True,v1
1029,RM-C62-starch-5debaa10,62,starch,starch,carbohydrate_starch,bulking,0.8,,True,v1
1030,RM-C62-stearic-acid-29ed75dd,62,stearic acid,stearic-acid,lipid_fat,emulsification,0.8,,True,v1
1031,RM-C62-stevia-leaf-extract-646b040d,62,stevia leaf extract,stevia-leaf-extract,sweetener,sweetening,1.0,,True,v1
1032,RM-C62-sucralose-c98ea80a,62,sucralose,sucralose,sweetener,sweetening,0.9,,True,v1
1033,RM-C62-thiamin-3f27fbc4,62,thiamin,thiamin,vitamin_mineral,active_ingredient,1.0,,True,v1
1034,RM-C62-vegetable-glycerin-45011119,62,vegetable glycerin,vegetable-glycerin,solvent_carrier,other,0.7,,True,v1
1035,RM-C62-vegetable-magnesium-stearate-9a981b0a,62,vegetable magnesium stearate,vegetable-magnesium-stearate,excipient_binder,flow_agent,0.9,,True,v1
1036,RM-C62-vitamin-a-237ecc57,62,vitamin a,vitamin-a,vitamin_mineral,active_ingredient,1.0,,True,v1
1037,RM-C62-vitamin-b6-fc69f47f,62,vitamin b6,vitamin-b6,vitamin_mineral,active_ingredient,1.0,,True,v1
1038,RM-C62-vitamin-c-b1892692,62,vitamin c,vitamin-c,other,other,0.0,llm_error,True,v1
1039,RM-C62-vitamin-d3-58becc1b,62,vitamin d3,vitamin-d3,vitamin_mineral,active_ingredient,1.0,,True,v1
1040,RM-C62-vitamin-d3-cholecalciferol-c763da21,62,vitamin d3 cholecalciferol,vitamin-d3-cholecalciferol,other,other,0.0,llm_error,True,v1
1041,RM-C62-vitamin-e-4af75bd6,62,vitamin e,vitamin-e,vitamin_mineral,active_ingredient,0.9,,True,v1
1042,RM-C62-vitamin-k-c09d2fee,62,vitamin k,vitamin-k,other,other,0.0,llm_error,True,v1
1043,RM-C62-whey-protein-concentrate-ea7872cd,62,whey protein concentrate,whey-protein-concentrate,other,other,0.0,llm_error,True,v1
1044,RM-C62-whey-protein-isolate-fe1d5c8c,62,whey protein isolate,whey-protein-isolate,other,other,0.0,llm_error,True,v1
1045,RM-C62-xanthan-gum-91be16c3,62,xanthan gum,xanthan-gum,thickener_stabilizer,structural,0.9,,True,v1
1046,RM-C62-zinc-e3a68036,62,zinc,zinc,vitamin_mineral,active_ingredient,0.9,,True,v1
