raw_product_id,sku,supplier_count,supplier_names,n_finished_goods_using,concentration_note
536,RM-C30-magnesium-stearate-201fdf47,2,"[""Ashland"", ""Colorcon""]",12,fragmented
553,RM-C30-vitamin-d3-cholecalciferol-559c9699,2,"[""Prinova USA"", ""PureBulk""]",11,fragmented
547,RM-C30-stearic-acid-19acfab5,2,"[""Ashland"", ""Colorcon""]",10,fragmented
527,RM-C30-gelatin-2e7ec9f6,2,"[""Capsuline"", ""Darling Ingredients / Rousselot""]",9,fragmented
670,RM-C38-acesulfame-potassium-f51994fd,2,"[""Cargill"", ""Prinova USA""]",9,fragmented
678,RM-C38-soy-lecithin-563dc5ae,2,"[""ADM"", ""Cargill""]",9,fragmented
680,RM-C38-sunflower-lecithin-57949880,2,"[""ADM"", ""Cargill""]",9,fragmented
681,RM-C38-whey-protein-concentrate-c419722f,2,"[""Actus Nutrition"", ""Prinova USA""]",9,fragmented
682,RM-C38-whey-protein-isolate-f910e5ae,2,"[""Actus Nutrition"", ""Prinova USA""]",9,fragmented
624,RM-C37-biotin-2d59ee9a,2,"[""Prinova USA"", ""PureBulk""]",8,fragmented
625,RM-C37-calcium-carbonate-4d035065,2,"[""Jost Chemical"", ""PureBulk""]",8,fragmented
639,RM-C37-magnesium-oxide-f07b6a9a,2,"[""Jost Chemical"", ""Prinova USA""]",8,fragmented
644,RM-C37-microcrystalline-cellulose-613163d9,2,"[""Ashland"", ""Colorcon""]",8,fragmented
529,RM-C30-hypromellose-917a9b27,2,"[""Capsuline"", ""Colorcon""]",7,fragmented
545,RM-C30-soybean-oil-e0b7881a,2,"[""ADM"", ""Cargill""]",7,fragmented
652,RM-C37-riboflavin-ece92ffe,2,"[""Prinova USA"", ""PureBulk""]",7,fragmented
524,RM-C30-citric-acid-d939ac85,2,"[""Prinova USA"", ""Univar Solutions""]",6,fragmented
525,RM-C30-croscarmellose-sodium-6e3702fa,2,"[""Ashland"", ""Colorcon""]",6,fragmented
544,RM-C30-silicon-dioxide-47cf951f,2,"[""Ashland"", ""Colorcon""]",6,fragmented
633,RM-C37-folic-acid-2bb2a34c,2,"[""Prinova USA"", ""PureBulk""]",6,fragmented
887,RM-C57-gelatin-7989e661,2,"[""Capsuline"", ""Darling Ingredients / Rousselot""]",6,fragmented
488,RM-C27-citric-acid-22adab04,2,"[""Prinova USA"", ""Univar Solutions""]",5,fragmented
489,RM-C27-dextrose-7cf0a4ab,2,"[""Ingredion"", ""Prinova USA""]",5,fragmented
490,RM-C27-dipotassium-phosphate-0471d680,2,"[""Jost Chemical"", ""PureBulk""]",5,fragmented
493,RM-C27-potassium-citrate-b91db2ed,2,"[""Jost Chemical"", ""PureBulk""]",5,fragmented
494,RM-C27-pure-cane-sugar-44f6c2d3,2,"[""Ingredion"", ""Prinova USA""]",5,fragmented
495,RM-C27-salt-848383fa,2,"[""Jost Chemical"", ""PureBulk""]",5,fragmented
496,RM-C27-silicon-dioxide-3e48964c,2,"[""Ashland"", ""Colorcon""]",5,fragmented
497,RM-C27-sodium-citrate-08487851,2,"[""Jost Chemical"", ""PureBulk""]",5,fragmented
498,RM-C27-stevia-leaf-extract-rebaudioside-a-7b086972,2,"[""Cargill"", ""Prinova USA""]",5,fragmented
499,RM-C27-vitamin-b12-cyanocobalamin-2da25f81,2,"[""Prinova USA"", ""PureBulk""]",5,fragmented
500,RM-C27-vitamin-b3-niacinamide-7dfaf6f5,2,"[""Prinova USA"", ""PureBulk""]",5,fragmented
501,RM-C27-vitamin-b5-d-calcium-pantothenate-fd43f6c0,2,"[""Prinova USA"", ""PureBulk""]",5,fragmented
502,RM-C27-vitamin-b6-pyridoxine-hydrochloride-bb52b75a,2,"[""Prinova USA"", ""PureBulk""]",5,fragmented
503,RM-C27-vitamin-c-ascorbic-acid-2d17523d,2,"[""Prinova USA"", ""PureBulk""]",5,fragmented
622,RM-C37-ascorbic-acid-2dce8c2c,2,"[""Prinova USA"", ""PureBulk""]",5,fragmented
623,RM-C37-beta-carotene-4a5e8c4f,2,"[""Prinova USA"", ""PureBulk""]",5,fragmented
626,RM-C37-cholecalciferol-f6d103e4,2,"[""Prinova USA"", ""PureBulk""]",5,fragmented
627,RM-C37-chromium-chloride-29a65259,2,"[""Jost Chemical"", ""PureBulk""]",5,fragmented
629,RM-C37-copper-sulfate-31751952,2,"[""Jost Chemical"", ""PureBulk""]",5,fragmented
630,RM-C37-croscarmellose-sodium-08ab6ca3,2,"[""Ashland"", ""Colorcon""]",5,fragmented
631,RM-C37-cyanocobalamin-e7d33656,2,"[""Prinova USA"", ""PureBulk""]",5,fragmented
632,RM-C37-d-calcium-pantothenate-baa38478,2,"[""Prinova USA"", ""PureBulk""]",5,fragmented
669,RM-C37-dl-alpha-tocopheryl-acetate-50d2f8bd,2,"[""Prinova USA"", ""PureBulk""]",5,fragmented
634,RM-C37-gelatin-a40fdc3f,2,"[""Capsuline"", ""Darling Ingredients / Rousselot""]",5,fragmented
636,RM-C37-hydroxypropyl-methylcellulose-6110db19,2,"[""Ashland"", ""Colorcon""]",5,fragmented
637,RM-C37-inulin-c35ef509,2,"[""Ingredion"", ""Nutra Food Ingredients""]",5,fragmented
638,RM-C37-lycopene-8cb6cef4,2,"[""American Botanicals"", ""Mueggenburg USA""]",5,fragmented
642,RM-C37-manganese-sulfate-1324ef0a,2,"[""Jost Chemical"", ""PureBulk""]",5,fragmented
643,RM-C37-medium-chain-triglycerides-c9f8b215,2,"[""ADM"", ""Cargill""]",5,fragmented
647,RM-C37-niacinamide-51ff204b,2,"[""Prinova USA"", ""PureBulk""]",5,fragmented
649,RM-C37-polyvinylpolypyrrolidone-7e317c46,2,"[""Ashland"", ""Colorcon""]",5,fragmented
650,RM-C37-potassium-iodide-f9b2b205,2,"[""Jost Chemical"", ""PureBulk""]",5,fragmented
651,RM-C37-pyridoxine-hydrochloride-67345b25,2,"[""Prinova USA"", ""PureBulk""]",5,fragmented
654,RM-C37-silicon-dioxide-16967f77,2,"[""Ashland"", ""Colorcon""]",5,fragmented
655,RM-C37-sodium-selenite-5b7a29da,2,"[""Jost Chemical"", ""PureBulk""]",5,fragmented
656,RM-C37-stearic-acid-8fe47daa,2,"[""Ashland"", ""Colorcon""]",5,fragmented
658,RM-C37-thiamine-mononitrate-1795539a,2,"[""Prinova USA"", ""PureBulk""]",5,fragmented
659,RM-C37-vitamin-a-1b4aced9,2,"[""Prinova USA"", ""PureBulk""]",5,fragmented
660,RM-C37-vitamin-a-acetate-c9020dfa,2,"[""Prinova USA"", ""PureBulk""]",5,fragmented
663,RM-C37-vitamin-c-32bfc0a0,2,"[""Prinova USA"", ""PureBulk""]",5,fragmented
665,RM-C37-vitamin-e-cf6cd7f8,2,"[""Prinova USA"", ""PureBulk""]",5,fragmented
668,RM-C37-zinc-oxide-b733fd8f,2,"[""Jost Chemical"", ""PureBulk""]",5,fragmented
339,RM-C17-biotin-07291e5b,2,"[""Prinova USA"", ""PureBulk""]",4,fragmented
340,RM-C17-calcium-carbonate-164af619,2,"[""Jost Chemical"", ""PureBulk""]",4,fragmented
356,RM-C17-folic-acid-6c8e8f26,2,"[""Prinova USA"", ""PureBulk""]",4,fragmented
362,RM-C17-magnesium-oxide-2b403060,2,"[""Jost Chemical"", ""Prinova USA""]",4,fragmented
367,RM-C17-microcrystalline-cellulose-557e108b,2,"[""Ashland"", ""Colorcon""]",4,fragmented
379,RM-C17-riboflavin-1e96c616,2,"[""Prinova USA"", ""PureBulk""]",4,fragmented
405,RM-C17-zinc-oxide-add96a17,2,"[""Jost Chemical"", ""PureBulk""]",4,fragmented
531,RM-C30-magnesium-bisglycinate-c6e583c4,2,"[""Balchem"", ""PureBulk""]",4,fragmented
535,RM-C30-magnesium-oxide-a499cb62,2,"[""Jost Chemical"", ""Prinova USA""]",4,fragmented
552,RM-C30-vitamin-d3-e0800226,2,"[""Prinova USA"", ""PureBulk""]",4,fragmented
664,RM-C37-vitamin-d-e888c721,2,"[""Prinova USA"", ""PureBulk""]",4,fragmented
814,RM-C52-magnesium-stearate-c3a91d20,2,"[""Ashland"", ""Colorcon""]",4,fragmented
905,RM-C57-vegetable-magnesium-stearate-006c7e32,2,"[""Ashland"", ""Colorcon""]",4,fragmented
287,RM-C14-calcium-1b8fb86e,2,"[""Jost Chemical"", ""Prinova USA""]",3,fragmented
289,RM-C14-chromium-e949ac4b,2,"[""Jost Chemical"", ""Prinova USA""]",3,fragmented
297,RM-C14-magnesium-0ad704ee,2,"[""Jost Chemical"", ""Prinova USA""]",3,fragmented
299,RM-C14-molybdenum-4a13d728,2,"[""Jost Chemical"", ""Prinova USA""]",3,fragmented
304,RM-C14-selenium-95d94eb8,2,"[""Jost Chemical"", ""Prinova USA""]",3,fragmented
306,RM-C14-vitamin-a-72b32d59,2,"[""Prinova USA"", ""PureBulk""]",3,fragmented
311,RM-C14-vitamin-c-e97cb4c7,2,"[""Prinova USA"", ""PureBulk""]",3,fragmented
312,RM-C14-vitamin-d-0d97442e,2,"[""Prinova USA"", ""PureBulk""]",3,fragmented
313,RM-C14-vitamin-e-7d43f6b1,2,"[""Prinova USA"", ""PureBulk""]",3,fragmented
316,RM-C14-zinc-35e67d6e,2,"[""Jost Chemical"", ""Prinova USA""]",3,fragmented
335,RM-C17-ascorbic-acid-ab2a6348,2,"[""Prinova USA"", ""PureBulk""]",3,fragmented
338,RM-C17-beta-carotene-75e75e5d,2,"[""Prinova USA"", ""PureBulk""]",3,fragmented
337,RM-C17-bht-7970c2c1,2,"[""Spectrum Chemical"", ""Univar Solutions""]",3,fragmented
341,RM-C17-carboxymethylcellulose-sodium-1d92bbc2,2,"[""Ashland"", ""Colorcon""]",3,fragmented
342,RM-C17-cholecalciferol-75e08048,2,"[""Prinova USA"", ""PureBulk""]",3,fragmented
349,RM-C17-cyanocobalamin-902cb05e,2,"[""Prinova USA"", ""PureBulk""]",3,fragmented
350,RM-C17-d-calcium-pantothenate-b22e6b6d,2,"[""Prinova USA"", ""PureBulk""]",3,fragmented
407,RM-C17-dl-alpha-tocopheryl-acetate-153b1b41,2,"[""Prinova USA"", ""PureBulk""]",3,fragmented
408,RM-C17-dl-tartaric-acid-d0c76b57,2,"[""Prinova USA"", ""Univar Solutions""]",3,fragmented
360,RM-C17-hydroxypropyl-methylcellulose-46512c9c,2,"[""Ashland"", ""Colorcon""]",3,fragmented
363,RM-C17-magnesium-stearate-6abf59fc,2,"[""Ashland"", ""Colorcon""]",3,fragmented
365,RM-C17-manganese-sulfate-f60c6285,2,"[""Jost Chemical"", ""PureBulk""]",3,fragmented
366,RM-C17-medium-chain-triglycerides-8f09d80d,2,"[""ADM"", ""Cargill""]",3,fragmented
370,RM-C17-nicotinamide-bcdfeba8,2,"[""Prinova USA"", ""PureBulk""]",3,fragmented
372,RM-C17-phytonadione-55621c1e,2,"[""Prinova USA"", ""PureBulk""]",3,fragmented
374,RM-C17-polyvinyl-alcohol-7d52bf18,2,"[""Ashland"", ""Colorcon""]",3,fragmented
375,RM-C17-potassium-chloride-35a32d7a,2,"[""Jost Chemical"", ""PureBulk""]",3,fragmented
377,RM-C17-pyridoxine-hydrochloride-9ea3cd1b,2,"[""Prinova USA"", ""PureBulk""]",3,fragmented
378,RM-C17-retinyl-acetate-464fff68,2,"[""Prinova USA"", ""PureBulk""]",3,fragmented
381,RM-C17-silica-53bc9dc6,2,"[""Ashland"", ""Colorcon""]",3,fragmented
386,RM-C17-sodium-selenite-733ab69c,2,"[""Jost Chemical"", ""PureBulk""]",3,fragmented
394,RM-C17-thiamine-mononitrate-b51b48ac,2,"[""Prinova USA"", ""PureBulk""]",3,fragmented
397,RM-C17-tricalcium-phosphate-431a4818,2,"[""Jost Chemical"", ""PureBulk""]",3,fragmented
520,RM-C30-calcium-carbonate-dd9f47aa,2,"[""Jost Chemical"", ""PureBulk""]",3,fragmented
538,RM-C30-medium-chain-triglycerides-b74dc13f,2,"[""ADM"", ""Cargill""]",3,fragmented
548,RM-C30-sugar-0bdf5d67,2,"[""Ingredion"", ""Prinova USA""]",3,fragmented
551,RM-C30-vitamin-c-5399011f,2,"[""Prinova USA"", ""PureBulk""]",3,fragmented
597,RM-C33-vitamin-c-cc2f941d,2,"[""Prinova USA"", ""PureBulk""]",3,fragmented
598,RM-C33-vitamin-d3-cd036b64,2,"[""Prinova USA"", ""PureBulk""]",3,fragmented
653,RM-C37-selenium-f5f4d7c6,2,"[""Jost Chemical"", ""Prinova USA""]",3,fragmented
667,RM-C37-zinc-eacf0348,2,"[""Jost Chemical"", ""Prinova USA""]",3,fragmented
832,RM-C52-vitamin-d3-cholecalciferol-1d08f804,2,"[""Prinova USA"", ""PureBulk""]",3,fragmented
865,RM-C56-calcium-ascorbate-fca157d3,2,"[""Prinova USA"", ""PureBulk""]",3,fragmented
866,RM-C56-calcium-lactate-gluconate-44d08e4d,2,"[""Jost Chemical"", ""Prinova USA""]",3,fragmented
867,RM-C56-citric-acid-d55c874f,2,"[""Prinova USA"", ""Univar Solutions""]",3,fragmented
869,RM-C56-magnesium-citrate-5cf5996a,2,"[""Jost Chemical"", ""PureBulk""]",3,fragmented
871,RM-C56-manganese-citrate-0b990e60,2,"[""Jost Chemical"", ""Prinova USA""]",3,fragmented
877,RM-C56-potassium-aspartate-e54e5e27,2,"[""Jost Chemical"", ""Prinova USA""]",3,fragmented
878,RM-C56-potassium-phosphate-066639d2,2,"[""Jost Chemical"", ""Prinova USA""]",3,fragmented
880,RM-C56-salt-sodium-chloride-aa9476b4,2,"[""Jost Chemical"", ""PureBulk""]",3,fragmented
881,RM-C56-zinc-citrate-45e7f827,2,"[""Jost Chemical"", ""Prinova USA""]",3,fragmented
895,RM-C57-magnesium-oxide-bfe97255,2,"[""Jost Chemical"", ""Prinova USA""]",3,fragmented
897,RM-C57-microcrystalline-cellulose-4a390b30,2,"[""Ashland"", ""Colorcon""]",3,fragmented
898,RM-C57-oil-fill-6d6c2601,2,"[""ADM"", ""Cargill""]",3,fragmented
907,RM-C57-vegetable-stearic-acid-d0876531,2,"[""Ashland"", ""Colorcon""]",3,fragmented
912,RM-C57-vitamin-d3-cholecalciferol-528f4316,2,"[""Prinova USA"", ""PureBulk""]",3,fragmented
999,RM-C62-gelatin-f333c686,2,"[""Capsuline"", ""Darling Ingredients / Rousselot""]",3,fragmented
151,RM-C1-cellulose-594d4ce6,2,"[""Ashland"", ""Colorcon""]",2,fragmented
152,RM-C1-croscarmellose-sodium-ba050b0c,2,"[""Ashland"", ""Colorcon""]",2,fragmented
154,RM-C1-magnesium-stearate-fdedf242,2,"[""Ashland"", ""Colorcon""]",2,fragmented
157,RM-C1-stearic-acid-9a014700,2,"[""Ashland"", ""Colorcon""]",2,fragmented
159,RM-C1-vitamin-d3-cholecalciferol-67efce0f,2,"[""Prinova USA"", ""PureBulk""]",2,fragmented
252,RM-C10-citric-acid-8159ad4e,2,"[""Prinova USA"", ""Univar Solutions""]",2,fragmented
286,RM-C14-biotin-b128e9e7,2,"[""Prinova USA"", ""PureBulk""]",2,fragmented
290,RM-C14-copper-0315914d,2,"[""Jost Chemical"", ""Prinova USA""]",2,fragmented
291,RM-C14-folate-65ea52b0,2,"[""Prinova USA"", ""PureBulk""]",2,fragmented
295,RM-C14-lutein-c82b0e46,2,"[""American Botanicals"", ""Mueggenburg USA""]",2,fragmented
296,RM-C14-lycopene-92d0ad75,2,"[""American Botanicals"", ""Mueggenburg USA""]",2,fragmented
298,RM-C14-manganese-c9e87173,2,"[""Jost Chemical"", ""Prinova USA""]",2,fragmented
300,RM-C14-niacinamide-603dda4f,2,"[""Prinova USA"", ""PureBulk""]",2,fragmented
301,RM-C14-pantothenic-acid-9e8a871d,2,"[""Prinova USA"", ""PureBulk""]",2,fragmented
308,RM-C14-vitamin-b12-296cc7e3,2,"[""Prinova USA"", ""PureBulk""]",2,fragmented
310,RM-C14-vitamin-b6-c130b713,2,"[""Prinova USA"", ""PureBulk""]",2,fragmented
314,RM-C14-vitamin-k-8acc4148,2,"[""Prinova USA"", ""PureBulk""]",2,fragmented
318,RM-C15-coconut-water-powder-ed983a65,2,"[""AIDP"", ""American Botanicals""]",2,fragmented
319,RM-C15-lemon-juice-powder-0952a268,2,"[""AIDP"", ""American Botanicals""]",2,fragmented
320,RM-C15-monk-fruit-extract-3b75b354,2,"[""Cargill"", ""Prinova USA""]",2,fragmented
321,RM-C15-non-gmo-citric-acid-7638d213,2,"[""Ingredion"", ""Prinova USA""]",2,fragmented
327,RM-C15-pink-himalayan-salt-7f2aeceb,2,"[""Jost Chemical"", ""PureBulk""]",2,fragmented
328,RM-C15-sodium-citrate-2bb2e71f,2,"[""Jost Chemical"", ""PureBulk""]",2,fragmented
345,RM-C17-chromium-picolinate-9a349105,2,"[""Jost Chemical"", ""Prinova USA""]",2,fragmented
346,RM-C17-croscarmellose-sodium-a3e32460,2,"[""Ashland"", ""Colorcon""]",2,fragmented
348,RM-C17-cupric-sulfate-38ac7927,2,"[""Jost Chemical"", ""PureBulk""]",2,fragmented
351,RM-C17-dicalcium-phosphate-a5ed9ed7,2,"[""Jost Chemical"", ""PureBulk""]",2,fragmented
352,RM-C17-fd-and-c-blue-no-2-lake-64e07256,2,"[""Gold Coast Ingredients"", ""Sensient""]",2,fragmented
353,RM-C17-fd-and-c-red-no-40-lake-0779ba16,2,"[""Gold Coast Ingredients"", ""Sensient""]",2,fragmented
354,RM-C17-fd-and-c-yellow-no-6-lake-6685d42c,2,"[""Gold Coast Ingredients"", ""Sensient""]",2,fragmented
355,RM-C17-ferrous-fumarate-1bb7e62c,2,"[""Jost Chemical"", ""PureBulk""]",2,fragmented
376,RM-C17-potassium-iodide-e373836a,2,"[""Jost Chemical"", ""PureBulk""]",2,fragmented
385,RM-C17-sodium-molybdate-0f7d838a,2,"[""Jost Chemical"", ""PureBulk""]",2,fragmented
395,RM-C17-titanium-dioxide-341f50d1,2,"[""Ashland"", ""Colorcon""]",2,fragmented
422,RM-C19-magnesium-stearate-63974975,2,"[""Ashland"", ""Colorcon""]",2,fragmented
423,RM-C19-microcrystalline-cellulose-652ba547,2,"[""Ashland"", ""Colorcon""]",2,fragmented
427,RM-C19-stearic-acid-3d5eb908,2,"[""Ashland"", ""Colorcon""]",2,fragmented
480,RM-C25-zinc-a4c54648,2,"[""Jost Chemical"", ""Prinova USA""]",2,fragmented
481,RM-C26-citric-acid-fa037e6f,2,"[""Prinova USA"", ""Univar Solutions""]",2,fragmented
482,RM-C26-magnesium-malate-98ccabb5,2,"[""Jost Chemical"", ""Prinova USA""]",2,fragmented
485,RM-C26-potassium-chloride-414b5246,2,"[""Jost Chemical"", ""PureBulk""]",2,fragmented
486,RM-C26-salt-sodium-chloride-dd396d8b,2,"[""Jost Chemical"", ""PureBulk""]",2,fragmented
487,RM-C26-stevia-leaf-extract-40dbb2cc,2,"[""Cargill"", ""Prinova USA""]",2,fragmented
519,RM-C30-b-vitamins-363953a0,2,"[""Prinova USA"", ""PureBulk""]",2,fragmented
521,RM-C30-carboxymethylcellulose-sodium-c79871c7,2,"[""Ashland"", ""Colorcon""]",2,fragmented
522,RM-C30-carnauba-wax-302c3873,2,"[""Koster Keunen"", ""Strahl & Pitsch""]",2,fragmented
530,RM-C30-iron-411b5c14,2,"[""Jost Chemical"", ""Prinova USA""]",2,fragmented
539,RM-C30-microcrystalline-cellulose-98dc8e4d,2,"[""Ashland"", ""Colorcon""]",2,fragmented
543,RM-C30-silica-903baaf4,2,"[""Ashland"", ""Colorcon""]",2,fragmented
550,RM-C30-vitamin-a-600bcca5,2,"[""Prinova USA"", ""PureBulk""]",2,fragmented
554,RM-C30-vitamin-e-5cbd51e2,2,"[""Prinova USA"", ""PureBulk""]",2,fragmented
580,RM-C33-biotin-dd51a7e1,2,"[""Prinova USA"", ""PureBulk""]",2,fragmented
582,RM-C33-ferment-media-c911f8c0,2,"[""Nutra Blend"", ""Prinova USA""]",2,fragmented
583,RM-C33-folate-b7efc577,2,"[""Prinova USA"", ""PureBulk""]",2,fragmented
585,RM-C33-niacin-151277db,2,"[""Prinova USA"", ""PureBulk""]",2,fragmented
586,RM-C33-organic-coating-83434eb0,2,"[""Ashland"", ""Colorcon""]",2,fragmented
589,RM-C33-pantothenic-acid-39dfb546,2,"[""Prinova USA"", ""PureBulk""]",2,fragmented
590,RM-C33-riboflavin-f24838be,2,"[""Prinova USA"", ""PureBulk""]",2,fragmented
593,RM-C33-thiamin-1c74da1a,2,"[""Prinova USA"", ""PureBulk""]",2,fragmented
594,RM-C33-vitamin-a-4518d5ec,2,"[""Prinova USA"", ""PureBulk""]",2,fragmented
595,RM-C33-vitamin-b12-000a19b7,2,"[""Prinova USA"", ""PureBulk""]",2,fragmented
596,RM-C33-vitamin-b6-fadb33a5,2,"[""Prinova USA"", ""PureBulk""]",2,fragmented
599,RM-C33-vitamin-e-d3ce1b4f,2,"[""Prinova USA"", ""PureBulk""]",2,fragmented
600,RM-C33-vitamin-k-2f127d05,2,"[""Prinova USA"", ""PureBulk""]",2,fragmented
635,RM-C37-gummy-base-7cb34dcd,2,"[""Makers Nutrition"", ""Vitaquest""]",2,fragmented
646,RM-C37-niacin-578ac50b,2,"[""Prinova USA"", ""PureBulk""]",2,fragmented
657,RM-C37-thiamin-34ea3d66,2,"[""Prinova USA"", ""PureBulk""]",2,fragmented
661,RM-C37-vitamin-b12-3cf1dc01,2,"[""Prinova USA"", ""PureBulk""]",2,fragmented
662,RM-C37-vitamin-b6-6cd7e57e,2,"[""Prinova USA"", ""PureBulk""]",2,fragmented
666,RM-C37-vitamin-k-8eb31269,2,"[""Prinova USA"", ""PureBulk""]",2,fragmented
677,RM-C38-salt-bddf68d5,2,"[""Jost Chemical"", ""PureBulk""]",2,fragmented
679,RM-C38-sucralose-ea50c9df,2,"[""Prinova USA"", ""Univar Solutions""]",2,fragmented
757,RM-C47-organic-dairy-whey-protein-concentrate-380e0c61,2,"[""Actus Nutrition"", ""Prinova USA""]",2,fragmented
758,RM-C47-organic-sunflower-lecithin-0369477b,2,"[""ADM"", ""Cargill""]",2,fragmented
794,RM-C52-b-vitamins-a8a22ae9,2,"[""Prinova USA"", ""PureBulk""]",2,fragmented
796,RM-C52-bone-gelatin-bovine-00801541,2,"[""Capsuline"", ""Darling Ingredients / Rousselot""]",2,fragmented
805,RM-C52-hypromellose-capsule-1f966702,2,"[""Capsuline"", ""Colorcon""]",2,fragmented
813,RM-C52-magnesium-glycinate-18aefa48,2,"[""Balchem"", ""PureBulk""]",2,fragmented
816,RM-C52-microcrystalline-cellulose-10b9f4fb,2,"[""Ashland"", ""Colorcon""]",2,fragmented
826,RM-C52-stearic-acid-bc04499f,2,"[""Ashland"", ""Colorcon""]",2,fragmented
827,RM-C52-sunflower-oil-32988c9f,2,"[""ADM"", ""Cargill""]",2,fragmented
829,RM-C52-vitamin-a-2b057046,2,"[""Prinova USA"", ""PureBulk""]",2,fragmented
830,RM-C52-vitamin-c-cb25e76b,2,"[""Prinova USA"", ""PureBulk""]",2,fragmented
831,RM-C52-vitamin-d-8be54225,2,"[""Prinova USA"", ""PureBulk""]",2,fragmented
833,RM-C52-vitamin-e-ba108fda,2,"[""Prinova USA"", ""PureBulk""]",2,fragmented
837,RM-C52-zinc-0d5d167a,2,"[""Jost Chemical"", ""Prinova USA""]",2,fragmented
891,RM-C57-magnesium-21307eac,2,"[""Jost Chemical"", ""Prinova USA""]",2,fragmented
903,RM-C57-silicon-dioxide-2a2a437f,2,"[""Ashland"", ""Colorcon""]",2,fragmented
968,RM-C60-vitamin-d3-301398bc,2,"[""Prinova USA"", ""PureBulk""]",2,fragmented
991,RM-C62-citric-acid-1bf7cf36,2,"[""Prinova USA"", ""Univar Solutions""]",2,fragmented
993,RM-C62-corn-oil-910491c6,2,"[""ADM"", ""Cargill""]",2,fragmented
1006,RM-C62-magnesium-stearate-f03e0ce6,2,"[""Ashland"", ""Colorcon""]",2,fragmented
1009,RM-C62-microcrystalline-cellulose-c7cb2454,2,"[""Ashland"", ""Colorcon""]",2,fragmented
1022,RM-C62-salt-8c7e3d71,2,"[""Jost Chemical"", ""PureBulk""]",2,fragmented
1023,RM-C62-silica-37e58489,2,"[""Ashland"", ""Colorcon""]",2,fragmented
1024,RM-C62-silicon-dioxide-0de24b28,2,"[""Ashland"", ""Colorcon""]",2,fragmented
1028,RM-C62-soybean-oil-e3a6ee3c,2,"[""ADM"", ""Cargill""]",2,fragmented
1030,RM-C62-stearic-acid-29ed75dd,2,"[""Ashland"", ""Colorcon""]",2,fragmented
1040,RM-C62-vitamin-d3-cholecalciferol-c763da21,2,"[""Prinova USA"", ""PureBulk""]",2,fragmented
235,RM-C9-acesulfame-potassium-82c4ce5f,2,"[""Cargill"", ""Prinova USA""]",2,fragmented
241,RM-C9-salt-79a25e0f,2,"[""Jost Chemical"", ""PureBulk""]",2,fragmented
242,RM-C9-sucralose-0d0ed3f1,2,"[""Prinova USA"", ""Univar Solutions""]",2,fragmented
243,RM-C9-sunflower-lecithin-db6877ff,2,"[""ADM"", ""Cargill""]",2,fragmented
247,RM-C9-whey-protein-concentrate-410208b7,2,"[""Actus Nutrition"", ""Prinova USA""]",2,fragmented
248,RM-C9-whey-protein-isolate-2d082fc2,2,"[""Actus Nutrition"", ""Prinova USA""]",2,fragmented
150,RM-C1-calcium-citrate-05c28cc3,2,"[""Jost Chemical"", ""PureBulk""]",1,fragmented
153,RM-C1-magnesium-silicate-6045d1ce,2,"[""Ashland"", ""Colorcon""]",1,fragmented
155,RM-C1-polyethylene-glycol-53cc28ba,2,"[""Spectrum Chemical"", ""Univar Solutions""]",1,fragmented
156,RM-C1-polyvinyl-alcohol-ebfeea56,2,"[""Ashland"", ""Colorcon""]",1,fragmented
158,RM-C1-titanium-dioxide-e460a12c,2,"[""Ashland"", ""Colorcon""]",1,fragmented
251,RM-C10-chloride-b98a465b,2,"[""Jost Chemical"", ""Prinova USA""]",1,fragmented
254,RM-C10-effervescent-base-ddcd1d62,2,"[""Prinova USA"", ""Vitaquest""]",1,fragmented
256,RM-C10-potassium-4334e301,2,"[""Jost Chemical"", ""Prinova USA""]",1,fragmented
257,RM-C10-vitamin-c-a3c07522,2,"[""Prinova USA"", ""PureBulk""]",1,fragmented
259,RM-C11-gelatin-capsule-bovine-42ef5483,2,"[""Capsuline"", ""Darling Ingredients / Rousselot""]",1,fragmented
260,RM-C11-magnesium-glycinate-309625e9,2,"[""Balchem"", ""PureBulk""]",1,fragmented
262,RM-C11-silica-1de71d67,2,"[""Ashland"", ""Colorcon""]",1,fragmented
263,RM-C11-vegetable-magnesium-stearate-a91ab707,2,"[""Ashland"", ""Colorcon""]",1,fragmented
264,RM-C12-blue-2-lake-b1728ef8,2,"[""Gold Coast Ingredients"", ""Sensient""]",1,fragmented
265,RM-C12-calcium-carbonate-7423a5f4,2,"[""Jost Chemical"", ""PureBulk""]",1,fragmented
266,RM-C12-cholecalciferol-vitamin-d3-d24cbd0c,2,"[""Prinova USA"", ""PureBulk""]",1,fragmented
267,RM-C12-copper-sulfate-18cbcb56,2,"[""Jost Chemical"", ""PureBulk""]",1,fragmented
268,RM-C12-croscarmellose-sodium-6986ada1,2,"[""Ashland"", ""Colorcon""]",1,fragmented
269,RM-C12-magnesium-oxide-80939af8,2,"[""Jost Chemical"", ""Prinova USA""]",1,fragmented
270,RM-C12-magnesium-stearate-1cf9b021,2,"[""Ashland"", ""Colorcon""]",1,fragmented
272,RM-C12-manganese-sulfate-a7c552be,2,"[""Jost Chemical"", ""PureBulk""]",1,fragmented
273,RM-C12-polyethylene-glycol-8a996dc9,2,"[""Spectrum Chemical"", ""Univar Solutions""]",1,fragmented
274,RM-C12-polyvinyl-alcohol-bef41d00,2,"[""Ashland"", ""Colorcon""]",1,fragmented
275,RM-C12-red-40-lake-8f2e0c08,2,"[""Gold Coast Ingredients"", ""Sensient""]",1,fragmented
276,RM-C12-talc-4e027cb7,2,"[""Ashland"", ""Colorcon""]",1,fragmented
277,RM-C12-titanium-dioxide-6699b33e,2,"[""Ashland"", ""Colorcon""]",1,fragmented
278,RM-C12-tocopherols-98f93e88,2,"[""Prinova USA"", ""PureBulk""]",1,fragmented
279,RM-C12-yellow-6-lake-d8d481af,2,"[""Gold Coast Ingredients"", ""Sensient""]",1,fragmented
280,RM-C12-zinc-oxide-81626087,2,"[""Jost Chemical"", ""PureBulk""]",1,fragmented
281,RM-C13-b-vitamins-00134c85,2,"[""Prinova USA"", ""PureBulk""]",1,fragmented
282,RM-C13-energy-support-botanicals-nutrients-4823efcb,2,"[""Nutra Blend"", ""Prinova USA""]",1,fragmented
283,RM-C13-probiotic-cultures-4fa0be80,2,"[""Custom Probiotics"", ""Specialty Enzymes & Probiotics""]",1,fragmented
284,RM-C13-vitamin-d-b89cc23f,2,"[""Prinova USA"", ""PureBulk""]",1,fragmented
285,RM-C14-b-vitamins-6b1105ff,2,"[""Prinova USA"", ""PureBulk""]",1,fragmented
288,RM-C14-chloride-3391a511,2,"[""Jost Chemical"", ""Prinova USA""]",1,fragmented
292,RM-C14-gelatin-017eb28d,2,"[""Capsuline"", ""Darling Ingredients / Rousselot""]",1,fragmented
293,RM-C14-iodine-f96d860c,2,"[""Jost Chemical"", ""Prinova USA""]",1,fragmented
294,RM-C14-iron-1f8c0d39,2,"[""Jost Chemical"", ""Prinova USA""]",1,fragmented
302,RM-C14-potassium-e9dad6ca,2,"[""Jost Chemical"", ""Prinova USA""]",1,fragmented
303,RM-C14-riboflavin-cca38c81,2,"[""Prinova USA"", ""PureBulk""]",1,fragmented
305,RM-C14-thiamine-904ca673,2,"[""Prinova USA"", ""PureBulk""]",1,fragmented
307,RM-C14-vitamin-b1-9fb2f65d,2,"[""Prinova USA"", ""PureBulk""]",1,fragmented
309,RM-C14-vitamin-b2-cad7cce6,2,"[""Prinova USA"", ""PureBulk""]",1,fragmented
315,RM-C14-vitamin-k1-59e9cf97,2,"[""Prinova USA"", ""PureBulk""]",1,fragmented
317,RM-C15-beet-powder-584aabff,2,"[""American Botanicals"", ""Mueggenburg USA""]",1,fragmented
323,RM-C15-organic-ginger-4318d2ea,2,"[""American Botanicals"", ""Mueggenburg USA""]",1,fragmented
324,RM-C15-organic-pomegranate-juice-powder-b89704e5,2,"[""American Botanicals"", ""Mueggenburg USA""]",1,fragmented
326,RM-C15-organic-turmeric-75c7aa52,2,"[""American Botanicals"", ""Mueggenburg USA""]",1,fragmented
329,RM-C16-calcium-6951db19,2,"[""Jost Chemical"", ""Prinova USA""]",1,fragmented
330,RM-C16-citric-acid-67e2da70,2,"[""Prinova USA"", ""Univar Solutions""]",1,fragmented
331,RM-C16-magnesium-e731ae15,2,"[""Jost Chemical"", ""Prinova USA""]",1,fragmented
333,RM-C16-potassium-3356f222,2,"[""Jost Chemical"", ""Prinova USA""]",1,fragmented
334,RM-C16-sodium-ec6914d6,2,"[""Jost Chemical"", ""Prinova USA""]",1,fragmented
336,RM-C17-ascorbyl-palmitate-f401359d,2,"[""Prinova USA"", ""PureBulk""]",1,fragmented
343,RM-C17-chromium-5721b069,2,"[""Jost Chemical"", ""Prinova USA""]",1,fragmented
344,RM-C17-chromium-chloride-ac386ae8,2,"[""Jost Chemical"", ""PureBulk""]",1,fragmented
347,RM-C17-cupric-oxide-95cf9a6a,2,"[""Jost Chemical"", ""PureBulk""]",1,fragmented
406,RM-C17-dl-alpha-tocopherol-68b372d5,2,"[""Prinova USA"", ""PureBulk""]",1,fragmented
357,RM-C17-gelatin-45b7cd2c,2,"[""Capsuline"", ""Darling Ingredients / Rousselot""]",1,fragmented
358,RM-C17-glucose-16858abc,2,"[""Ingredion"", ""Prinova USA""]",1,fragmented
359,RM-C17-gum-arabic-21ea5acf,2,"[""Ingredion"", ""Prinova USA""]",1,fragmented
361,RM-C17-lycopene-37067980,2,"[""American Botanicals"", ""Mueggenburg USA""]",1,fragmented
368,RM-C17-molybdenum-bc44eb9d,2,"[""Jost Chemical"", ""Prinova USA""]",1,fragmented
369,RM-C17-niacin-3c2ef14d,2,"[""Prinova USA"", ""PureBulk""]",1,fragmented
371,RM-C17-pantothenic-acid-cc467f0a,2,"[""Prinova USA"", ""PureBulk""]",1,fragmented
380,RM-C17-selenium-3c5cc68c,2,"[""Jost Chemical"", ""Prinova USA""]",1,fragmented
382,RM-C17-sodium-aluminum-silicate-ad903eef,2,"[""Ashland"", ""Colorcon""]",1,fragmented
383,RM-C17-sodium-ascorbate-f4dc2885,2,"[""Prinova USA"", ""PureBulk""]",1,fragmented
384,RM-C17-sodium-benzoate-4b00adc9,2,"[""Ashland"", ""Colorcon""]",1,fragmented
388,RM-C17-sorbic-acid-c99fcf34,2,"[""Ashland"", ""Colorcon""]",1,fragmented
389,RM-C17-sorbitol-fe5cb8ba,2,"[""Nutra Food Ingredients"", ""Prinova USA""]",1,fragmented
391,RM-C17-sucrose-efa729e9,2,"[""Ingredion"", ""Prinova USA""]",1,fragmented
392,RM-C17-sunflower-oil-bb851f70,2,"[""ADM"", ""Cargill""]",1,fragmented
393,RM-C17-thiamine-3ad733ed,2,"[""Prinova USA"", ""PureBulk""]",1,fragmented
396,RM-C17-tocopherols-a8fa557b,2,"[""Prinova USA"", ""PureBulk""]",1,fragmented
398,RM-C17-vitamin-a-8273c020,2,"[""Prinova USA"", ""PureBulk""]",1,fragmented
399,RM-C17-vitamin-b12-79c7611a,2,"[""Prinova USA"", ""PureBulk""]",1,fragmented
400,RM-C17-vitamin-b6-64f65ea4,2,"[""Prinova USA"", ""PureBulk""]",1,fragmented
401,RM-C17-vitamin-c-44b4a0f7,2,"[""Prinova USA"", ""PureBulk""]",1,fragmented
402,RM-C17-vitamin-d3-e8b80826,2,"[""Prinova USA"", ""PureBulk""]",1,fragmented
403,RM-C17-vitamin-e-d3ec2225,2,"[""Prinova USA"", ""PureBulk""]",1,fragmented
404,RM-C17-vitamin-k-bc485b26,2,"[""Prinova USA"", ""PureBulk""]",1,fragmented
409,RM-C18-bcaas-162e8977,2,"[""BulkSupplements"", ""PureBulk""]",1,fragmented
410,RM-C18-collagen-peptides-45fc58ed,2,"[""Darling Ingredients / Rousselot"", ""Nutra Food Ingredients""]",1,fragmented
411,RM-C18-digestive-enzymes-5dab88c4,2,"[""ADM"", ""Specialty Enzymes & Probiotics""]",1,fragmented
412,RM-C18-lecithin-a7f2d498,2,"[""ADM"", ""Cargill""]",1,fragmented
414,RM-C18-whey-protein-isolate-5a7e86bf,2,"[""Actus Nutrition"", ""Prinova USA""]",1,fragmented
415,RM-C19-calcium-c18ce14f,2,"[""Jost Chemical"", ""Prinova USA""]",1,fragmented
416,RM-C19-carnauba-wax-217a6c92,2,"[""Koster Keunen"", ""Strahl & Pitsch""]",1,fragmented
417,RM-C19-dicalcium-phosphate-2e99d674,2,"[""Jost Chemical"", ""PureBulk""]",1,fragmented
418,RM-C19-gelatin-33f6d946,2,"[""Capsuline"", ""Darling Ingredients / Rousselot""]",1,fragmented
419,RM-C19-gum-arabic-d8b5f627,2,"[""Ingredion"", ""Prinova USA""]",1,fragmented
420,RM-C19-hydroxypropylmethylcellulose-eb1c22cf,2,"[""Ashland"", ""Colorcon""]",1,fragmented
421,RM-C19-magnesium-oxide-22a42bff,2,"[""Jost Chemical"", ""Prinova USA""]",1,fragmented
424,RM-C19-polyethylene-glycol-42d8398a,2,"[""Spectrum Chemical"", ""Univar Solutions""]",1,fragmented
425,RM-C19-polysorbate-80-d1fa702e,2,"[""Ashland"", ""Colorcon""]",1,fragmented
426,RM-C19-silicon-dioxide-8f3934a0,2,"[""Ashland"", ""Colorcon""]",1,fragmented
428,RM-C19-sucrose-c6abca6a,2,"[""Ingredion"", ""Prinova USA""]",1,fragmented
429,RM-C19-titanium-dioxide-6921e678,2,"[""Ashland"", ""Colorcon""]",1,fragmented
430,RM-C19-vegetable-acetoglycerides-14dd8d70,2,"[""Koster Keunen"", ""Strahl & Pitsch""]",1,fragmented
431,RM-C19-vitamin-d3-cholecalciferol-3f392102,2,"[""Prinova USA"", ""PureBulk""]",1,fragmented
160,RM-C2-ascorbic-acid-4823fabf,2,"[""Prinova USA"", ""PureBulk""]",1,fragmented
161,RM-C2-beta-carotene-bb90cd60,2,"[""AIDP"", ""Nutri Avenue""]",1,fragmented
164,RM-C2-choline-bitartrate-296d4da4,2,"[""Balchem"", ""Prinova USA""]",1,fragmented
165,RM-C2-cyanocobalamin-c2d9669b,2,"[""Prinova USA"", ""PureBulk""]",1,fragmented
166,RM-C2-d-alpha-tocopheryl-succinate-532e67fd,2,"[""Prinova USA"", ""PureBulk""]",1,fragmented
167,RM-C2-d-calcium-pantothenate-bc49e976,2,"[""Prinova USA"", ""PureBulk""]",1,fragmented
168,RM-C2-hesperidin-complex-a26e0bcd,2,"[""AIDP"", ""Nutri Avenue""]",1,fragmented
169,RM-C2-inositol-a10dfe66,2,"[""Nutri Avenue"", ""PureBulk""]",1,fragmented
170,RM-C2-lemon-bioflavonoid-complex-0eeb9802,2,"[""American Botanicals"", ""Mueggenburg USA""]",1,fragmented
172,RM-C2-manganese-2947a710,2,"[""Jost Chemical"", ""Prinova USA""]",1,fragmented
173,RM-C2-niacinamide-c27eb0fe,2,"[""Prinova USA"", ""PureBulk""]",1,fragmented
174,RM-C2-para-amino-benzoic-acid-b19c9ed7,2,"[""Cambrex"", ""Spectrum Chemical""]",1,fragmented
175,RM-C2-potassium-alginate-ab91bdcc,2,"[""Ashland"", ""Colorcon""]",1,fragmented
177,RM-C2-pyridoxine-hcl-0a843bcb,2,"[""Prinova USA"", ""PureBulk""]",1,fragmented
178,RM-C2-riboflavin-a3d02436,2,"[""Prinova USA"", ""PureBulk""]",1,fragmented
180,RM-C2-rice-protein-c17ff51d,2,"[""AIDP"", ""Ingredion""]",1,fragmented
181,RM-C2-rutin-e29ccf19,2,"[""American Botanicals"", ""Mueggenburg USA""]",1,fragmented
182,RM-C2-soy-lecithin-cc38c49d,2,"[""ADM"", ""Cargill""]",1,fragmented
183,RM-C2-thiamine-hcl-a714a4bf,2,"[""Prinova USA"", ""PureBulk""]",1,fragmented
184,RM-C2-vitamin-a-palmitate-58b26912,2,"[""Prinova USA"", ""PureBulk""]",1,fragmented
432,RM-C20-bifidobacterium-lactis-bl-04-5b08978c,2,"[""Custom Probiotics"", ""IFF""]",1,fragmented
433,RM-C20-milk-protein-6d7328df,2,"[""Actus Nutrition"", ""Prinova USA""]",1,fragmented
434,RM-C20-organic-erythritol-7dc0aad5,2,"[""Nutra Food Ingredients"", ""Prinova USA""]",1,fragmented
437,RM-C20-organic-tapioca-fiber-imo-efc511c2,2,"[""Ingredion"", ""Nutra Food Ingredients""]",1,fragmented
438,RM-C20-organic-vanilla-flavors-713ec126,2,"[""Gold Coast Ingredients"", ""Virginia Dare""]",1,fragmented
439,RM-C20-sea-salt-1e8490d8,2,"[""Jost Chemical"", ""PureBulk""]",1,fragmented
440,RM-C20-sunflower-lecithin-34d25076,2,"[""ADM"", ""Cargill""]",1,fragmented
441,RM-C20-whey-protein-isolate-bfe00719,2,"[""Actus Nutrition"", ""Prinova USA""]",1,fragmented
442,RM-C22-magnesium-citrate-086264b4,2,"[""Jost Chemical"", ""PureBulk""]",1,fragmented
443,RM-C22-magnesium-glycinate-946fc249,2,"[""Balchem"", ""PureBulk""]",1,fragmented
444,RM-C22-magnesium-malate-fbb003be,2,"[""Jost Chemical"", ""Prinova USA""]",1,fragmented
445,RM-C22-magnesium-oxide-c1a77e26,2,"[""Jost Chemical"", ""Prinova USA""]",1,fragmented
447,RM-C23-natural-vanilla-a59abdd6,2,"[""Gold Coast Ingredients"", ""Virginia Dare""]",1,fragmented
448,RM-C23-stevia-25f8dd86,2,"[""Cargill"", ""Prinova USA""]",1,fragmented
449,RM-C23-whey-protein-concentrate-55ceaff9,2,"[""Actus Nutrition"", ""Prinova USA""]",1,fragmented
450,RM-C23-whey-protein-isolate-4ac9a835,2,"[""Actus Nutrition"", ""Prinova USA""]",1,fragmented
453,RM-C24-olive-oil-1c285951,2,"[""ADM"", ""Cargill""]",1,fragmented
454,RM-C24-softgel-bovine-gelatin-81674934,2,"[""Capsuline"", ""Darling Ingredients / Rousselot""]",1,fragmented
455,RM-C24-vitamin-d3-cholecalciferol-0949dd9f,2,"[""Prinova USA"", ""PureBulk""]",1,fragmented
457,RM-C25-ascorbic-acid-c727ed5c,2,"[""Prinova USA"", ""PureBulk""]",1,fragmented
458,RM-C25-b-vitamins-46e3c4f9,2,"[""Prinova USA"", ""PureBulk""]",1,fragmented
459,RM-C25-calcium-carbonate-4eb96085,2,"[""Jost Chemical"", ""PureBulk""]",1,fragmented
460,RM-C25-calcium-citrate-02aa8da0,2,"[""Jost Chemical"", ""PureBulk""]",1,fragmented
461,RM-C25-chromium-6ae0933c,2,"[""Jost Chemical"", ""Prinova USA""]",1,fragmented
462,RM-C25-copper-5e0fc5d5,2,"[""Jost Chemical"", ""Prinova USA""]",1,fragmented
463,RM-C25-dicalcium-phosphate-2dbbfc34,2,"[""Jost Chemical"", ""PureBulk""]",1,fragmented
464,RM-C25-ferrous-fumarate-1e0f20e4,2,"[""Jost Chemical"", ""PureBulk""]",1,fragmented
465,RM-C25-gelatin-121e19eb,2,"[""Capsuline"", ""Darling Ingredients / Rousselot""]",1,fragmented
467,RM-C25-magnesium-b5c61094,2,"[""Jost Chemical"", ""Prinova USA""]",1,fragmented
468,RM-C25-magnesium-oxide-e49e39a0,2,"[""Jost Chemical"", ""Prinova USA""]",1,fragmented
469,RM-C25-manganese-6ca1ae84,2,"[""Jost Chemical"", ""Prinova USA""]",1,fragmented
470,RM-C25-microcrystalline-cellulose-6d0e7fe3,2,"[""Ashland"", ""Colorcon""]",1,fragmented
471,RM-C25-potassium-chloride-f927469d,2,"[""Jost Chemical"", ""PureBulk""]",1,fragmented
472,RM-C25-selenium-e14cba90,2,"[""Jost Chemical"", ""Prinova USA""]",1,fragmented
473,RM-C25-soybean-oil-a542aa7c,2,"[""ADM"", ""Cargill""]",1,fragmented
474,RM-C25-vitamin-a-2910180c,2,"[""Prinova USA"", ""PureBulk""]",1,fragmented
475,RM-C25-vitamin-d-aa256974,2,"[""Prinova USA"", ""PureBulk""]",1,fragmented
476,RM-C25-vitamin-d3-5116d136,2,"[""Prinova USA"", ""PureBulk""]",1,fragmented
477,RM-C25-vitamin-d3-cholecalciferol-564712ba,2,"[""Prinova USA"", ""PureBulk""]",1,fragmented
478,RM-C25-vitamin-e-4f4c99b8,2,"[""Prinova USA"", ""PureBulk""]",1,fragmented
479,RM-C25-vitamin-k-d253aa53,2,"[""Prinova USA"", ""PureBulk""]",1,fragmented
504,RM-C28-ascorbyl-palmitate-373a4bfa,2,"[""Prinova USA"", ""PureBulk""]",1,fragmented
507,RM-C28-hypromellose-155bba6b,2,"[""Capsuline"", ""Colorcon""]",1,fragmented
508,RM-C28-magnesium-citrate-d364c220,2,"[""Jost Chemical"", ""PureBulk""]",1,fragmented
509,RM-C28-safflower-oil-a84bc3ce,2,"[""ADM"", ""Cargill""]",1,fragmented
510,RM-C28-silicon-dioxide-8891b60f,2,"[""Ashland"", ""Colorcon""]",1,fragmented
511,RM-C28-softgel-capsule-bovine-gelatin-5a1a1582,2,"[""Capsuline"", ""Darling Ingredients / Rousselot""]",1,fragmented
512,RM-C28-vitamin-d3-cholecalciferol-8956b79c,2,"[""Prinova USA"", ""PureBulk""]",1,fragmented
514,RM-C29-dibasic-calcium-phosphate-dihydrate-ef3ab6b0,2,"[""Jost Chemical"", ""Prinova USA""]",1,fragmented
515,RM-C29-magnesium-stearate-589caed7,2,"[""Ashland"", ""Colorcon""]",1,fragmented
516,RM-C29-microcrystalline-cellulose-734eb550,2,"[""Ashland"", ""Colorcon""]",1,fragmented
517,RM-C29-vitamin-d3-cholecalciferol-aedcde8b,2,"[""Prinova USA"", ""PureBulk""]",1,fragmented
186,RM-C3-citric-acid-6f4f6850,2,"[""Prinova USA"", ""Univar Solutions""]",1,fragmented
189,RM-C3-potassium-a7e6389c,2,"[""Jost Chemical"", ""Prinova USA""]",1,fragmented
190,RM-C3-sodium-bd233043,2,"[""Jost Chemical"", ""Prinova USA""]",1,fragmented
191,RM-C3-sugar-ef04e1fd,2,"[""Ingredion"", ""Prinova USA""]",1,fragmented
532,RM-C30-magnesium-citrate-31b1d4da,2,"[""Jost Chemical"", ""PureBulk""]",1,fragmented
533,RM-C30-magnesium-glycinate-ba21d239,2,"[""Balchem"", ""PureBulk""]",1,fragmented
534,RM-C30-magnesium-malate-41278a52,2,"[""Jost Chemical"", ""Prinova USA""]",1,fragmented
541,RM-C30-palm-oil-f9de4c81,2,"[""ADM"", ""Cargill""]",1,fragmented
549,RM-C30-vegetarian-capsule-ea92a1d1,2,"[""Capsuline"", ""Colorcon""]",1,fragmented
557,RM-C30-zinc-f5b864e3,2,"[""Jost Chemical"", ""Prinova USA""]",1,fragmented
558,RM-C31-ascorbyl-palmitate-cdce22fe,2,"[""Prinova USA"", ""PureBulk""]",1,fragmented
559,RM-C31-corn-oil-1009aec3,2,"[""ADM"", ""Cargill""]",1,fragmented
560,RM-C31-gelatin-64baa1c8,2,"[""Capsuline"", ""Darling Ingredients / Rousselot""]",1,fragmented
561,RM-C31-magnesium-glycinate-74e5e25d,2,"[""Balchem"", ""PureBulk""]",1,fragmented
562,RM-C31-soybean-oil-a030edea,2,"[""ADM"", ""Cargill""]",1,fragmented
563,RM-C31-vegetable-cellulose-6da081fc,2,"[""Ashland"", ""Colorcon""]",1,fragmented
565,RM-C31-vitamin-d3-cholecalciferol-6e6ef79b,2,"[""Prinova USA"", ""PureBulk""]",1,fragmented
567,RM-C32-ascorbic-acid-e21a79c1,2,"[""Prinova USA"", ""PureBulk""]",1,fragmented
569,RM-C32-calcium-citrate-2f9465c9,2,"[""Jost Chemical"", ""PureBulk""]",1,fragmented
568,RM-C32-calcium-d-pantothenate-5db35528,2,"[""Prinova USA"", ""PureBulk""]",1,fragmented
570,RM-C32-cyanocobalamin-3d4cc1db,2,"[""Prinova USA"", ""PureBulk""]",1,fragmented
571,RM-C32-magnesium-citrate-199478da,2,"[""Jost Chemical"", ""PureBulk""]",1,fragmented
572,RM-C32-manganese-chelate-3e7e37a6,2,"[""Balchem"", ""PureBulk""]",1,fragmented
573,RM-C32-niacin-6e777dec,2,"[""Prinova USA"", ""PureBulk""]",1,fragmented
574,RM-C32-pink-himalayan-salt-3eab5c0a,2,"[""Jost Chemical"", ""PureBulk""]",1,fragmented
575,RM-C32-potassium-citrate-ec7e555a,2,"[""Jost Chemical"", ""PureBulk""]",1,fragmented
576,RM-C32-pyridoxine-hcl-b18e1d94,2,"[""Prinova USA"", ""PureBulk""]",1,fragmented
577,RM-C32-sodium-chloride-c98dabe3,2,"[""Jost Chemical"", ""PureBulk""]",1,fragmented
578,RM-C32-zinc-oxide-1bf96a0d,2,"[""Jost Chemical"", ""PureBulk""]",1,fragmented
579,RM-C33-b-vitamins-3aef7be4,2,"[""Prinova USA"", ""PureBulk""]",1,fragmented
581,RM-C33-carnauba-wax-81404016,2,"[""Koster Keunen"", ""Strahl & Pitsch""]",1,fragmented
584,RM-C33-lac-resin-c604fad6,2,"[""Koster Keunen"", ""Strahl & Pitsch""]",1,fragmented
591,RM-C33-selenium-5e6509a0,2,"[""Jost Chemical"", ""Prinova USA""]",1,fragmented
592,RM-C33-silica-a853ee85,2,"[""Ashland"", ""Colorcon""]",1,fragmented
601,RM-C33-zinc-5e8d3f7e,2,"[""Jost Chemical"", ""Prinova USA""]",1,fragmented
605,RM-C34-soft-gel-capsule-bovine-gelatin-7f9790b5,2,"[""Capsuline"", ""Darling Ingredients / Rousselot""]",1,fragmented
606,RM-C34-vitamin-d3-cholecalciferol-7e2cad2a,2,"[""Prinova USA"", ""PureBulk""]",1,fragmented
607,RM-C35-calcium-carbonate-d0e0b4e2,2,"[""Jost Chemical"", ""PureBulk""]",1,fragmented
608,RM-C35-chromium-nicotinate-5344125d,2,"[""Jost Chemical"", ""Prinova USA""]",1,fragmented
609,RM-C35-magnesium-carbonate-192d24ea,2,"[""Jost Chemical"", ""Prinova USA""]",1,fragmented
610,RM-C35-magnesium-stearate-e0ea85f7,2,"[""Ashland"", ""Colorcon""]",1,fragmented
611,RM-C35-potassium-gluconate-1edd6ca1,2,"[""Jost Chemical"", ""PureBulk""]",1,fragmented
612,RM-C35-sodium-chloride-235bec7e,2,"[""Jost Chemical"", ""PureBulk""]",1,fragmented
613,RM-C35-vegan-capsule-d9a85712,2,"[""Capsuline"", ""Colorcon""]",1,fragmented
614,RM-C35-vitamin-c-l-ascorbic-acid-17da2399,2,"[""Prinova USA"", ""PureBulk""]",1,fragmented
615,RM-C35-zinc-sulfate-04f0fb89,2,"[""Jost Chemical"", ""PureBulk""]",1,fragmented
616,RM-C36-acesulfame-potassium-553079fd,2,"[""Cargill"", ""Prinova USA""]",1,fragmented
619,RM-C36-soy-lecithin-e5096e4a,2,"[""ADM"", ""Cargill""]",1,fragmented
620,RM-C36-sucralose-d02d5b0f,2,"[""Prinova USA"", ""Univar Solutions""]",1,fragmented
621,RM-C36-whey-protein-concentrate-7323d34b,2,"[""Actus Nutrition"", ""Prinova USA""]",1,fragmented
628,RM-C37-copper-84081b0a,2,"[""Jost Chemical"", ""Prinova USA""]",1,fragmented
641,RM-C37-manganese-11c87791,2,"[""Jost Chemical"", ""Prinova USA""]",1,fragmented
648,RM-C37-pantothenic-acid-9279a870,2,"[""Prinova USA"", ""PureBulk""]",1,fragmented
688,RM-C39-organic-erythritol-5e3cd183,2,"[""Nutra Food Ingredients"", ""Prinova USA""]",1,fragmented
690,RM-C39-organic-inulin-b5d7a6d9,2,"[""Ingredion"", ""Nutra Food Ingredients""]",1,fragmented
691,RM-C39-organic-rice-bran-extract-b66ec8f2,2,"[""American Botanicals"", ""Mueggenburg USA""]",1,fragmented
693,RM-C39-organic-rosemary-extract-64ac6002,2,"[""American Botanicals"", ""Mueggenburg USA""]",1,fragmented
695,RM-C39-potassium-chloride-8ccbe8a7,2,"[""Jost Chemical"", ""PureBulk""]",1,fragmented
696,RM-C39-sea-salt-ca9e7781,2,"[""Jost Chemical"", ""PureBulk""]",1,fragmented
192,RM-C4-calcium-c77f1de7,2,"[""Jost Chemical"", ""Prinova USA""]",1,fragmented
193,RM-C4-magnesium-7058dcb8,2,"[""Jost Chemical"", ""Prinova USA""]",1,fragmented
194,RM-C4-potassium-4fd2e03c,2,"[""Jost Chemical"", ""Prinova USA""]",1,fragmented
698,RM-C40-acesulfame-potassium-6684085e,2,"[""Cargill"", ""Prinova USA""]",1,fragmented
699,RM-C40-ascorbic-acid-vitamin-c-2db5a34b,2,"[""Prinova USA"", ""PureBulk""]",1,fragmented
700,RM-C40-citric-acid-c97d12d1,2,"[""Prinova USA"", ""Univar Solutions""]",1,fragmented
702,RM-C40-cyanocobalamin-vitamin-b12-2048bd4e,2,"[""Prinova USA"", ""PureBulk""]",1,fragmented
703,RM-C40-d-alpha-tocopheryl-acetate-vitamin-e-4f0e2772,2,"[""Prinova USA"", ""PureBulk""]",1,fragmented
704,RM-C40-dipotassium-phosphate-0f032a47,2,"[""Jost Chemical"", ""PureBulk""]",1,fragmented
705,RM-C40-l-isoleucine-fc3f6810,2,"[""BulkSupplements"", ""PureBulk""]",1,fragmented
706,RM-C40-l-leucine-dc251fa2,2,"[""BulkSupplements"", ""PureBulk""]",1,fragmented
707,RM-C40-l-valine-237d9405,2,"[""BulkSupplements"", ""PureBulk""]",1,fragmented
708,RM-C40-magnesium-citrate-a5181724,2,"[""Jost Chemical"", ""PureBulk""]",1,fragmented
710,RM-C40-pyridoxine-hydrochloride-vitamin-b6-3753727e,2,"[""Prinova USA"", ""PureBulk""]",1,fragmented
711,RM-C40-retinyl-palmitate-vitamin-a-037f1204,2,"[""Prinova USA"", ""PureBulk""]",1,fragmented
712,RM-C40-sea-salt-cc1b7ba6,2,"[""Jost Chemical"", ""PureBulk""]",1,fragmented
713,RM-C40-sucralose-23b7e87e,2,"[""Prinova USA"", ""Univar Solutions""]",1,fragmented
714,RM-C41-anhydrous-dextrose-d3ab3366,2,"[""Ingredion"", ""Prinova USA""]",1,fragmented
715,RM-C41-citric-acid-1ace1f97,2,"[""Prinova USA"", ""Univar Solutions""]",1,fragmented
717,RM-C41-potassium-citrate-614cd5f0,2,"[""Jost Chemical"", ""PureBulk""]",1,fragmented
718,RM-C41-salt-601e8ca1,2,"[""Jost Chemical"", ""PureBulk""]",1,fragmented
719,RM-C42-calcium-7730815b,2,"[""Jost Chemical"", ""Prinova USA""]",1,fragmented
720,RM-C42-magnesium-c8ab4bb5,2,"[""Jost Chemical"", ""Prinova USA""]",1,fragmented
721,RM-C42-manganese-48c4b6c0,2,"[""Jost Chemical"", ""Prinova USA""]",1,fragmented
723,RM-C42-pink-himalayan-salt-0d9b133e,2,"[""Jost Chemical"", ""PureBulk""]",1,fragmented
724,RM-C42-potassium-73c4631d,2,"[""Jost Chemical"", ""Prinova USA""]",1,fragmented
725,RM-C42-vitamin-c-e6bbe2c3,2,"[""Prinova USA"", ""PureBulk""]",1,fragmented
726,RM-C42-zinc-9419c71d,2,"[""Jost Chemical"", ""Prinova USA""]",1,fragmented
727,RM-C43-acesulfame-potassium-0f3b3a01,2,"[""Cargill"", ""Prinova USA""]",1,fragmented
729,RM-C43-salt-ff3b2d7b,2,"[""Jost Chemical"", ""PureBulk""]",1,fragmented
730,RM-C43-sucralose-34d90dd1,2,"[""Prinova USA"", ""Univar Solutions""]",1,fragmented
731,RM-C43-sunflower-lecithin-c6faf83a,2,"[""ADM"", ""Cargill""]",1,fragmented
732,RM-C43-whey-protein-concentrate-9e1878ec,2,"[""Actus Nutrition"", ""Prinova USA""]",1,fragmented
733,RM-C43-whey-protein-isolate-f612d921,2,"[""Actus Nutrition"", ""Prinova USA""]",1,fragmented
735,RM-C44-cellulose-8f00a013,2,"[""Ashland"", ""Colorcon""]",1,fragmented
738,RM-C44-hypromellose-09b87db3,2,"[""Capsuline"", ""Colorcon""]",1,fragmented
739,RM-C44-magnesium-dimagnesium-malate-ada4840f,2,"[""Jost Chemical"", ""Prinova USA""]",1,fragmented
740,RM-C44-non-gmo-corn-zein-f09ef11c,2,"[""Spectrum Chemical"", ""TCI America""]",1,fragmented
741,RM-C44-omega-3-dha-93196c59,2,"[""Icelandirect"", ""Source-Omega LLC""]",1,fragmented
742,RM-C44-silica-eabf835d,2,"[""Ashland"", ""Colorcon""]",1,fragmented
743,RM-C44-vitamin-a-retinyl-palmitate-c8fb97b4,2,"[""Prinova USA"", ""PureBulk""]",1,fragmented
744,RM-C44-vitamin-b12-methylcobalamin-5f1622cd,2,"[""Prinova USA"", ""PureBulk""]",1,fragmented
745,RM-C44-vitamin-d3-cholecalciferol-7429dd7b,2,"[""Prinova USA"", ""PureBulk""]",1,fragmented
746,RM-C44-vitamin-e-alpha-tocopherol-0ac90371,2,"[""Prinova USA"", ""PureBulk""]",1,fragmented
748,RM-C44-zinc-zinc-bisglycinate-1d1aacc9,2,"[""Balchem"", ""PureBulk""]",1,fragmented
749,RM-C45-kalahari-desert-salt-bda53857,2,"[""Jost Chemical"", ""PureBulk""]",1,fragmented
751,RM-C45-prebiotic-fiber-19375eea,2,"[""Nutra Blend"", ""Prinova USA""]",1,fragmented
752,RM-C45-probiotic-cultures-288f2f30,2,"[""Custom Probiotics"", ""Specialty Enzymes & Probiotics""]",1,fragmented
753,RM-C46-chloride-f97942ce,2,"[""Jost Chemical"", ""Prinova USA""]",1,fragmented
754,RM-C46-magnesium-c7a80cd7,2,"[""Jost Chemical"", ""Prinova USA""]",1,fragmented
755,RM-C46-potassium-2f0ec99d,2,"[""Jost Chemical"", ""Prinova USA""]",1,fragmented
756,RM-C46-sodium-ee605774,2,"[""Jost Chemical"", ""Prinova USA""]",1,fragmented
759,RM-C48-microcrystalline-cellulose-aa7703fd,2,"[""Ashland"", ""Colorcon""]",1,fragmented
760,RM-C48-riboflavin-1c60a1f7,2,"[""Prinova USA"", ""PureBulk""]",1,fragmented
761,RM-C48-silica-35249d68,2,"[""Ashland"", ""Colorcon""]",1,fragmented
762,RM-C48-vegetable-cellulose-61685b37,2,"[""Ashland"", ""Colorcon""]",1,fragmented
764,RM-C48-vegetable-magnesium-stearate-f8b702b6,2,"[""Ashland"", ""Colorcon""]",1,fragmented
765,RM-C48-vegetable-stearic-acid-c62355d9,2,"[""Ashland"", ""Colorcon""]",1,fragmented
766,RM-C48-vitamin-d3-cholecalciferol-a14e1c25,2,"[""Prinova USA"", ""PureBulk""]",1,fragmented
767,RM-C49-coconut-mct-oil-df9c4153,2,"[""ADM"", ""Cargill""]",1,fragmented
768,RM-C49-plantgel-capsule-98443da5,2,"[""Capsuline"", ""Colorcon""]",1,fragmented
769,RM-C49-vitamin-d3-cholecalciferol-0d990e67,2,"[""Prinova USA"", ""PureBulk""]",1,fragmented
196,RM-C5-blue-agave-inulin-b9f21209,2,"[""Ingredion"", ""Nutra Food Ingredients""]",1,fragmented
197,RM-C5-brown-rice-protein-f2127b74,2,"[""AIDP"", ""Ingredion""]",1,fragmented
198,RM-C5-cinnamon-28c1b925,2,"[""American Botanicals"", ""Mueggenburg USA""]",1,fragmented
199,RM-C5-coconut-sugar-72cdee92,2,"[""Ingredion"", ""Prinova USA""]",1,fragmented
200,RM-C5-ground-vanilla-beans-51d15fb4,2,"[""Gold Coast Ingredients"", ""Virginia Dare""]",1,fragmented
202,RM-C5-medium-chain-triglycerides-mct-from-coconut-oil-69d4233c,2,"[""ADM"", ""Cargill""]",1,fragmented
203,RM-C5-monk-fruit-extract-a8190686,2,"[""Cargill"", ""Prinova USA""]",1,fragmented
205,RM-C5-pea-protein-4369ae6b,2,"[""AIDP"", ""Ingredion""]",1,fragmented
771,RM-C50-gelatin-e04eefe9,2,"[""Capsuline"", ""Darling Ingredients / Rousselot""]",1,fragmented
774,RM-C50-soybean-oil-525500a0,2,"[""ADM"", ""Cargill""]",1,fragmented
775,RM-C50-vitamin-d3-cholecalciferol-22ab18a7,2,"[""Prinova USA"", ""PureBulk""]",1,fragmented
776,RM-C51-beet-juice-powder-e6a75b77,2,"[""American Botanicals"", ""Mueggenburg USA""]",1,fragmented
777,RM-C51-calcium-citrate-05013377,2,"[""Jost Chemical"", ""PureBulk""]",1,fragmented
778,RM-C51-citric-acid-b71ce960,2,"[""Prinova USA"", ""Univar Solutions""]",1,fragmented
779,RM-C51-fruit-and-vegetable-juice-2b966920,2,"[""AIDP"", ""American Botanicals""]",1,fragmented
780,RM-C51-magnesium-citrate-cab42be9,2,"[""Jost Chemical"", ""PureBulk""]",1,fragmented
781,RM-C51-malic-acid-ba710486,2,"[""Prinova USA"", ""Univar Solutions""]",1,fragmented
782,RM-C51-manganese-chelate-2371eb5e,2,"[""Balchem"", ""PureBulk""]",1,fragmented
784,RM-C51-pink-himalayan-salt-81828c4c,2,"[""Jost Chemical"", ""PureBulk""]",1,fragmented
785,RM-C51-potassium-citrate-2d946db4,2,"[""Jost Chemical"", ""PureBulk""]",1,fragmented
786,RM-C51-potassium-phosphate-adcfe753,2,"[""Jost Chemical"", ""Prinova USA""]",1,fragmented
787,RM-C51-silicon-dioxide-ff5733b0,2,"[""Ashland"", ""Colorcon""]",1,fragmented
788,RM-C51-stevia-leaf-extract-5786cb50,2,"[""Cargill"", ""Prinova USA""]",1,fragmented
789,RM-C51-sucralose-2f4eb103,2,"[""Prinova USA"", ""Univar Solutions""]",1,fragmented
790,RM-C51-vitamin-c-calcium-ascorbate-cc36787c,2,"[""Prinova USA"", ""PureBulk""]",1,fragmented
791,RM-C51-zinc-chelate-89f8dfbc,2,"[""Balchem"", ""PureBulk""]",1,fragmented
792,RM-C52-aqueous-coating-d3902f73,2,"[""Ashland"", ""Colorcon""]",1,fragmented
793,RM-C52-astaxanthin-52c593d5,2,"[""American Botanicals"", ""Mueggenburg USA""]",1,fragmented
795,RM-C52-black-pepper-concentrate-c4264fd8,2,"[""American Botanicals"", ""Mueggenburg USA""]",1,fragmented
798,RM-C52-citrus-bioflavonoids-0eafa0d2,2,"[""American Botanicals"", ""Mueggenburg USA""]",1,fragmented
799,RM-C52-coenzyme-q10-2ac6b422,2,"[""Nutri Avenue"", ""PureBulk""]",1,fragmented
800,RM-C52-croscarmellose-sodium-cf407533,2,"[""Ashland"", ""Colorcon""]",1,fragmented
801,RM-C52-gelatin-capsule-d73cae98,2,"[""Capsuline"", ""Darling Ingredients / Rousselot""]",1,fragmented
803,RM-C52-grape-seed-extract-24729e2a,2,"[""American Botanicals"", ""Mueggenburg USA""]",1,fragmented
804,RM-C52-green-tea-extract-d0c3336d,2,"[""American Botanicals"", ""Mueggenburg USA""]",1,fragmented
806,RM-C52-inositol-7e1bd408,2,"[""Nutri Avenue"", ""PureBulk""]",1,fragmented
807,RM-C52-lecithin-a3b01178,2,"[""ADM"", ""Cargill""]",1,fragmented
808,RM-C52-lutein-bbbf953c,2,"[""American Botanicals"", ""Mueggenburg USA""]",1,fragmented
809,RM-C52-lycopene-7367e764,2,"[""American Botanicals"", ""Mueggenburg USA""]",1,fragmented
811,RM-C52-magnesium-aspartate-587ada69,2,"[""Jost Chemical"", ""Prinova USA""]",1,fragmented
810,RM-C52-magnesium-bad565ba,2,"[""Jost Chemical"", ""Prinova USA""]",1,fragmented
812,RM-C52-magnesium-citrate-dd88ed96,2,"[""Jost Chemical"", ""PureBulk""]",1,fragmented
817,RM-C52-modified-cellulose-80821d07,2,"[""Ashland"", ""Colorcon""]",1,fragmented
818,RM-C52-natural-vanilla-flavor-46230f28,2,"[""Gold Coast Ingredients"", ""Virginia Dare""]",1,fragmented
819,RM-C52-oil-fill-f62eb920,2,"[""ADM"", ""Cargill""]",1,fragmented
820,RM-C52-performance-support-nutrients-165afec4,2,"[""Nutra Blend"", ""Prinova USA""]",1,fragmented
821,RM-C52-pomegranate-extract-9e5077f4,2,"[""American Botanicals"", ""Mueggenburg USA""]",1,fragmented
823,RM-C52-resveratrol-380303bc,2,"[""American Botanicals"", ""Mueggenburg USA""]",1,fragmented
824,RM-C52-rhodiola-rosea-extract-root-67517b7c,2,"[""American Botanicals"", ""Mueggenburg USA""]",1,fragmented
825,RM-C52-silica-b4663ebe,2,"[""Ashland"", ""Colorcon""]",1,fragmented
828,RM-C52-vanadium-as-vanadyl-sulfate-52713008,2,"[""Jost Chemical"", ""Prinova USA""]",1,fragmented
834,RM-C52-vitamin-k2-14872ba1,2,"[""Balchem"", ""Prinova USA""]",1,fragmented
835,RM-C52-whey-protein-isolate-c26e7fed,2,"[""Actus Nutrition"", ""Prinova USA""]",1,fragmented
836,RM-C52-zeaxanthin-fdb7165d,2,"[""American Botanicals"", ""Mueggenburg USA""]",1,fragmented
838,RM-C53-hypromellose-62e46f08,2,"[""Capsuline"", ""Colorcon""]",1,fragmented
839,RM-C53-leucine-d14d0c88,2,"[""BulkSupplements"", ""PureBulk""]",1,fragmented
840,RM-C53-microcrystalline-cellulose-50860e67,2,"[""Ashland"", ""Colorcon""]",1,fragmented
841,RM-C53-silicon-dioxide-e129db18,2,"[""Ashland"", ""Colorcon""]",1,fragmented
842,RM-C53-vitamin-d3-cholecalciferol-d3043492,2,"[""Prinova USA"", ""PureBulk""]",1,fragmented
843,RM-C53-vitamin-e-d-alpha-tocopheryl-95f6e23c,2,"[""Prinova USA"", ""PureBulk""]",1,fragmented
844,RM-C54-natural-vanilla-flavor-a683c377,2,"[""Gold Coast Ingredients"", ""Virginia Dare""]",1,fragmented
845,RM-C54-organic-whey-protein-37daa164,2,"[""Prinova USA"", ""PureBulk""]",1,fragmented
846,RM-C55-alfalfa-leaf-d50c2290,2,"[""American Botanicals"", ""Mueggenburg USA""]",1,fragmented
847,RM-C55-boron-4ae66b5e,2,"[""Jost Chemical"", ""Prinova USA""]",1,fragmented
848,RM-C55-chloride-785dda86,2,"[""Jost Chemical"", ""Prinova USA""]",1,fragmented
850,RM-C55-croscarmellose-sodium-f806a3ba,2,"[""Ashland"", ""Colorcon""]",1,fragmented
851,RM-C55-hydroxypropyl-methyl-cellulose-d319fb46,2,"[""Ashland"", ""Colorcon""]",1,fragmented
852,RM-C55-iron-glycinate-6ef778b3,2,"[""Balchem"", ""PureBulk""]",1,fragmented
853,RM-C55-kelp-extract-c17e558c,2,"[""American Botanicals"", ""Mueggenburg USA""]",1,fragmented
854,RM-C55-magnesium-719304ad,2,"[""Jost Chemical"", ""Prinova USA""]",1,fragmented
855,RM-C55-magnesium-stearate-475309ec,2,"[""Ashland"", ""Colorcon""]",1,fragmented
856,RM-C55-microcrystalline-cellulose-6b9cdf39,2,"[""Ashland"", ""Colorcon""]",1,fragmented
857,RM-C55-potassium-aaed46d8,2,"[""Jost Chemical"", ""Prinova USA""]",1,fragmented
858,RM-C55-sodium-613e8388,2,"[""Jost Chemical"", ""Prinova USA""]",1,fragmented
859,RM-C55-stearic-acid-3a1ca9f9,2,"[""Ashland"", ""Colorcon""]",1,fragmented
860,RM-C55-sulfate-92639eea,2,"[""Jost Chemical"", ""Prinova USA""]",1,fragmented
861,RM-C55-taurine-e1cf4b6c,2,"[""BulkSupplements"", ""PureBulk""]",1,fragmented
862,RM-C55-vitamin-b6-pyridoxal-5-phosphate-5af7c48a,2,"[""Prinova USA"", ""PureBulk""]",1,fragmented
863,RM-C56-beet-extract-e7c171ca,2,"[""American Botanicals"", ""Mueggenburg USA""]",1,fragmented
864,RM-C56-beta-carotene-30b80b09,2,"[""AIDP"", ""Nutri Avenue""]",1,fragmented
868,RM-C56-coloring-concentrates-92216482,2,"[""Gold Coast Ingredients"", ""Sensient""]",1,fragmented
870,RM-C56-malic-acid-6d696fa8,2,"[""Prinova USA"", ""Univar Solutions""]",1,fragmented
879,RM-C56-rebaudioside-a-a60df8cc,2,"[""Cargill"", ""Prinova USA""]",1,fragmented
882,RM-C57-b-vitamins-43e97376,2,"[""Prinova USA"", ""PureBulk""]",1,fragmented
883,RM-C57-calcium-c4d04740,2,"[""Jost Chemical"", ""Prinova USA""]",1,fragmented
884,RM-C57-coq10-9d71a3b0,2,"[""Nutri Avenue"", ""PureBulk""]",1,fragmented
885,RM-C57-cultured-nutrients-5c87fee4,2,"[""Nutra Blend"", ""Prinova USA""]",1,fragmented
886,RM-C57-fruit-nutrients-b65036d4,2,"[""Nutra Blend"", ""Prinova USA""]",1,fragmented
889,RM-C57-green-tea-extract-392bcde1,2,"[""American Botanicals"", ""Mueggenburg USA""]",1,fragmented
890,RM-C57-hydroxypropyl-methylcellulose-fd866cd2,2,"[""Ashland"", ""Colorcon""]",1,fragmented
894,RM-C57-magnesium-malate-20ee1628,2,"[""Jost Chemical"", ""Prinova USA""]",1,fragmented
899,RM-C57-potassium-f8472195,2,"[""Jost Chemical"", ""Prinova USA""]",1,fragmented
900,RM-C57-resveratrol-61a80a5b,2,"[""American Botanicals"", ""Mueggenburg USA""]",1,fragmented
902,RM-C57-selenium-e7d5f552,2,"[""Jost Chemical"", ""Prinova USA""]",1,fragmented
906,RM-C57-vegetable-nutrients-4667fd2d,2,"[""Nutra Blend"", ""Prinova USA""]",1,fragmented
908,RM-C57-vitamin-a-67ccef59,2,"[""Prinova USA"", ""PureBulk""]",1,fragmented
909,RM-C57-vitamin-c-51069db6,2,"[""Prinova USA"", ""PureBulk""]",1,fragmented
910,RM-C57-vitamin-d-d6cf0dcb,2,"[""Prinova USA"", ""PureBulk""]",1,fragmented
911,RM-C57-vitamin-d3-9213116f,2,"[""Prinova USA"", ""PureBulk""]",1,fragmented
913,RM-C57-vitamin-e-4ec68bfe,2,"[""Prinova USA"", ""PureBulk""]",1,fragmented
915,RM-C57-zinc-6557a033,2,"[""Jost Chemical"", ""Prinova USA""]",1,fragmented
916,RM-C58-blend-of-oils-coconut-and-or-palm-with-beeswax-and-or-carnauba-w-740c2381,2,"[""Koster Keunen"", ""Strahl & Pitsch""]",1,fragmented
917,RM-C58-citric-acid-37ade881,2,"[""Prinova USA"", ""Univar Solutions""]",1,fragmented
918,RM-C58-gelatin-c50b9920,2,"[""Capsuline"", ""Darling Ingredients / Rousselot""]",1,fragmented
919,RM-C58-lactic-acid-24bdbce4,2,"[""Prinova USA"", ""Univar Solutions""]",1,fragmented
921,RM-C58-sugar-117cb796,2,"[""Ingredion"", ""Prinova USA""]",1,fragmented
922,RM-C58-tapioca-syrup-7b1d82e3,2,"[""Ingredion"", ""Nutra Food Ingredients""]",1,fragmented
923,RM-C58-vitamin-b12-0f254674,2,"[""Prinova USA"", ""PureBulk""]",1,fragmented
925,RM-C59-ascorbic-acid-56e58451,2,"[""Prinova USA"", ""PureBulk""]",1,fragmented
926,RM-C59-ascorbyl-palmitate-e1e4a88d,2,"[""Prinova USA"", ""PureBulk""]",1,fragmented
928,RM-C59-beta-carotene-90830a92,2,"[""Prinova USA"", ""PureBulk""]",1,fragmented
927,RM-C59-bht-2d7917e1,2,"[""Spectrum Chemical"", ""Univar Solutions""]",1,fragmented
929,RM-C59-biotin-463a7b27,2,"[""Prinova USA"", ""PureBulk""]",1,fragmented
930,RM-C59-calcium-carbonate-690f19e0,2,"[""Jost Chemical"", ""PureBulk""]",1,fragmented
931,RM-C59-carboxymethylcellulose-sodium-133ab5ac,2,"[""Ashland"", ""Colorcon""]",1,fragmented
932,RM-C59-cholecalciferol-509366a6,2,"[""Prinova USA"", ""PureBulk""]",1,fragmented
933,RM-C59-chromium-picolinate-0dcb6cc2,2,"[""Jost Chemical"", ""Prinova USA""]",1,fragmented
934,RM-C59-cupric-sulfate-5e195820,2,"[""Jost Chemical"", ""PureBulk""]",1,fragmented
935,RM-C59-cyanocobalamin-8c510008,2,"[""Prinova USA"", ""PureBulk""]",1,fragmented
936,RM-C59-d-calcium-pantothenate-038632c0,2,"[""Prinova USA"", ""PureBulk""]",1,fragmented
958,RM-C59-dl-tartaric-acid-03e26fb5,2,"[""Prinova USA"", ""Univar Solutions""]",1,fragmented
937,RM-C59-folic-acid-b94e91e8,2,"[""Prinova USA"", ""PureBulk""]",1,fragmented
938,RM-C59-hydroxypropyl-methylcellulose-abdbe801,2,"[""Ashland"", ""Colorcon""]",1,fragmented
939,RM-C59-magnesium-oxide-4a98c9ca,2,"[""Jost Chemical"", ""Prinova USA""]",1,fragmented
940,RM-C59-magnesium-stearate-4561c008,2,"[""Ashland"", ""Colorcon""]",1,fragmented
942,RM-C59-manganese-sulfate-ef83585c,2,"[""Jost Chemical"", ""PureBulk""]",1,fragmented
943,RM-C59-medium-chain-triglycerides-3a3179d8,2,"[""ADM"", ""Cargill""]",1,fragmented
944,RM-C59-microcrystalline-cellulose-eb777a11,2,"[""Ashland"", ""Colorcon""]",1,fragmented
945,RM-C59-nicotinamide-c2fc9f74,2,"[""Prinova USA"", ""PureBulk""]",1,fragmented
946,RM-C59-phytonadione-9828ed92,2,"[""Prinova USA"", ""PureBulk""]",1,fragmented
947,RM-C59-polyvinyl-alcohol-0b7755ed,2,"[""Ashland"", ""Colorcon""]",1,fragmented
948,RM-C59-pyridoxine-hydrochloride-8e3b8cb3,2,"[""Prinova USA"", ""PureBulk""]",1,fragmented
949,RM-C59-retinyl-acetate-66d8f431,2,"[""Prinova USA"", ""PureBulk""]",1,fragmented
950,RM-C59-riboflavin-6d322379,2,"[""Prinova USA"", ""PureBulk""]",1,fragmented
951,RM-C59-silica-632f3bc8,2,"[""Ashland"", ""Colorcon""]",1,fragmented
952,RM-C59-sodium-selenite-4368f280,2,"[""Jost Chemical"", ""PureBulk""]",1,fragmented
954,RM-C59-sorbitol-8ca4b855,2,"[""Nutra Food Ingredients"", ""Prinova USA""]",1,fragmented
956,RM-C59-thiamine-mononitrate-9971bee4,2,"[""Prinova USA"", ""PureBulk""]",1,fragmented
957,RM-C59-zinc-oxide-b64ce7de,2,"[""Jost Chemical"", ""PureBulk""]",1,fragmented
208,RM-C6-acesulfame-potassium-72a88908,2,"[""Cargill"", ""Prinova USA""]",1,fragmented
214,RM-C6-sodium-chloride-baddece9,2,"[""Jost Chemical"", ""PureBulk""]",1,fragmented
215,RM-C6-soy-lecithin-5de90202,2,"[""ADM"", ""Cargill""]",1,fragmented
216,RM-C6-sucralose-792c37c8,2,"[""Prinova USA"", ""Univar Solutions""]",1,fragmented
217,RM-C6-sunflower-lecithin-47e33a0e,2,"[""ADM"", ""Cargill""]",1,fragmented
218,RM-C6-whey-protein-concentrate-3d85f0ab,2,"[""Actus Nutrition"", ""Prinova USA""]",1,fragmented
219,RM-C6-whey-protein-isolate-0a63f8af,2,"[""Actus Nutrition"", ""Prinova USA""]",1,fragmented
959,RM-C60-b-vitamins-228430aa,2,"[""Prinova USA"", ""PureBulk""]",1,fragmented
960,RM-C60-iron-99cff33a,2,"[""Jost Chemical"", ""Prinova USA""]",1,fragmented
961,RM-C60-magnesium-glycinate-37b966a0,2,"[""Balchem"", ""PureBulk""]",1,fragmented
962,RM-C60-organic-agave-inulin-powder-d12caa82,2,"[""Ingredion"", ""Nutra Food Ingredients""]",1,fragmented
963,RM-C60-organic-food-complex-83c82fa3,2,"[""Nutra Blend"", ""Prinova USA""]",1,fragmented
964,RM-C60-organic-food-complex-blend-20007d19,2,"[""Nutra Blend"", ""Prinova USA""]",1,fragmented
965,RM-C60-vegan-capsule-hypromellose-e7b625d7,2,"[""Capsuline"", ""Colorcon""]",1,fragmented
966,RM-C60-vitamin-a-f0d3ee67,2,"[""Prinova USA"", ""PureBulk""]",1,fragmented
967,RM-C60-vitamin-c-26700f36,2,"[""Prinova USA"", ""PureBulk""]",1,fragmented
969,RM-C60-vitamin-e-51bd7c78,2,"[""Prinova USA"", ""PureBulk""]",1,fragmented
971,RM-C61-acesulfame-potassium-0fe24e86,2,"[""Cargill"", ""Prinova USA""]",1,fragmented
974,RM-C61-salt-69aa56ac,2,"[""Jost Chemical"", ""PureBulk""]",1,fragmented
975,RM-C61-silicon-dioxide-b7db8185,2,"[""Ashland"", ""Colorcon""]",1,fragmented
976,RM-C61-sucralose-ca42d35b,2,"[""Prinova USA"", ""Univar Solutions""]",1,fragmented
977,RM-C61-sunflower-lecithin-3bc12a21,2,"[""ADM"", ""Cargill""]",1,fragmented
978,RM-C61-whey-protein-concentrate-1e516212,2,"[""Actus Nutrition"", ""Prinova USA""]",1,fragmented
979,RM-C61-whey-protein-isolate-a098ef43,2,"[""Actus Nutrition"", ""Prinova USA""]",1,fragmented
981,RM-C62-acesulfame-potassium-db0d2756,2,"[""Cargill"", ""Prinova USA""]",1,fragmented
982,RM-C62-ascorbic-acid-vitamin-c-bafc417d,2,"[""Prinova USA"", ""PureBulk""]",1,fragmented
983,RM-C62-biotin-bde34d3e,2,"[""Prinova USA"", ""PureBulk""]",1,fragmented
984,RM-C62-calcium-060cf77f,2,"[""Jost Chemical"", ""Prinova USA""]",1,fragmented
985,RM-C62-calcium-carbonate-f7674431,2,"[""Jost Chemical"", ""PureBulk""]",1,fragmented
986,RM-C62-calcium-pantothenate-vitamin-b5-be397bac,2,"[""Prinova USA"", ""PureBulk""]",1,fragmented
987,RM-C62-cane-sugar-3a174aee,2,"[""Ingredion"", ""Prinova USA""]",1,fragmented
988,RM-C62-carboxymethylcellulose-sodium-4b2d41f6,2,"[""Ashland"", ""Colorcon""]",1,fragmented
989,RM-C62-carnauba-wax-1b29fa95,2,"[""Koster Keunen"", ""Strahl & Pitsch""]",1,fragmented
990,RM-C62-chromium-3b73995f,2,"[""Jost Chemical"", ""Prinova USA""]",1,fragmented
992,RM-C62-copper-ac5ea57f,2,"[""Jost Chemical"", ""Prinova USA""]",1,fragmented
994,RM-C62-croscarmellose-sodium-f8a1a234,2,"[""Ashland"", ""Colorcon""]",1,fragmented
995,RM-C62-cyanocobalamin-vitamin-b12-64ceac07,2,"[""Prinova USA"", ""PureBulk""]",1,fragmented
996,RM-C62-dextrose-fee38410,2,"[""Ingredion"", ""Prinova USA""]",1,fragmented
997,RM-C62-dipotassium-phosphate-e5d48242,2,"[""Jost Chemical"", ""PureBulk""]",1,fragmented
998,RM-C62-folate-00e488da,2,"[""Prinova USA"", ""PureBulk""]",1,fragmented
1001,RM-C62-iron-ce69dcf7,2,"[""Jost Chemical"", ""Prinova USA""]",1,fragmented
1002,RM-C62-magnesium-27e501c9,2,"[""Jost Chemical"", ""Prinova USA""]",1,fragmented
1003,RM-C62-magnesium-glycinate-91e40c88,2,"[""Balchem"", ""PureBulk""]",1,fragmented
1004,RM-C62-magnesium-oxide-f01522b4,2,"[""Jost Chemical"", ""Prinova USA""]",1,fragmented
1005,RM-C62-magnesium-silicate-a5115f01,2,"[""Ashland"", ""Colorcon""]",1,fragmented
1008,RM-C62-manganese-1e2d5f6c,2,"[""Jost Chemical"", ""Prinova USA""]",1,fragmented
1012,RM-C62-niacinamide-5dd1cad0,2,"[""Prinova USA"", ""PureBulk""]",1,fragmented
1013,RM-C62-niacinamide-vitamin-b3-6eb51d3f,2,"[""Prinova USA"", ""PureBulk""]",1,fragmented
1014,RM-C62-pantothenic-acid-e361dd4c,2,"[""Prinova USA"", ""PureBulk""]",1,fragmented
1016,RM-C62-pharmaceutical-glaze-9e2f2a57,2,"[""Ashland"", ""Colorcon""]",1,fragmented
1017,RM-C62-potassium-citrate-916cd876,2,"[""Jost Chemical"", ""PureBulk""]",1,fragmented
1019,RM-C62-pyridoxine-hydrochloride-vitamin-b6-7b4a9792,2,"[""Prinova USA"", ""PureBulk""]",1,fragmented
1020,RM-C62-riboflavin-98692789,2,"[""Prinova USA"", ""PureBulk""]",1,fragmented
1025,RM-C62-sodium-alginate-079fb879,2,"[""Ashland"", ""Colorcon""]",1,fragmented
1026,RM-C62-sodium-citrate-b96411ba,2,"[""Jost Chemical"", ""PureBulk""]",1,fragmented
1027,RM-C62-soy-lecithin-2621a336,2,"[""ADM"", ""Cargill""]",1,fragmented
1031,RM-C62-stevia-leaf-extract-646b040d,2,"[""Cargill"", ""Prinova USA""]",1,fragmented
1032,RM-C62-sucralose-c98ea80a,2,"[""Prinova USA"", ""Univar Solutions""]",1,fragmented
1033,RM-C62-thiamin-3f27fbc4,2,"[""Prinova USA"", ""PureBulk""]",1,fragmented
1035,RM-C62-vegetable-magnesium-stearate-9a981b0a,2,"[""Ashland"", ""Colorcon""]",1,fragmented
1036,RM-C62-vitamin-a-237ecc57,2,"[""Prinova USA"", ""PureBulk""]",1,fragmented
1037,RM-C62-vitamin-b6-fc69f47f,2,"[""Prinova USA"", ""PureBulk""]",1,fragmented
1038,RM-C62-vitamin-c-b1892692,2,"[""Prinova USA"", ""PureBulk""]",1,fragmented
1039,RM-C62-vitamin-d3-58becc1b,2,"[""Prinova USA"", ""PureBulk""]",1,fragmented
1041,RM-C62-vitamin-e-4af75bd6,2,"[""Prinova USA"", ""PureBulk""]",1,fragmented
1042,RM-C62-vitamin-k-c09d2fee,2,"[""Prinova USA"", ""PureBulk""]",1,fragmented
1043,RM-C62-whey-protein-concentrate-ea7872cd,2,"[""Actus Nutrition"", ""Prinova USA""]",1,fragmented
1044,RM-C62-whey-protein-isolate-fe1d5c8c,2,"[""Actus Nutrition"", ""Prinova USA""]",1,fragmented
1046,RM-C62-zinc-e3a68036,2,"[""Jost Chemical"", ""Prinova USA""]",1,fragmented
221,RM-C7-b-vitamins-d6188591,2,"[""Prinova USA"", ""PureBulk""]",1,fragmented
222,RM-C7-magnesium-964b9c23,2,"[""Jost Chemical"", ""Prinova USA""]",1,fragmented
224,RM-C7-potassium-c3344ceb,2,"[""Jost Chemical"", ""Prinova USA""]",1,fragmented
225,RM-C7-sodium-72777d06,2,"[""Jost Chemical"", ""Prinova USA""]",1,fragmented
226,RM-C7-stevia-or-sucralose-sweetener-a556c26e,2,"[""Prinova USA"", ""Univar Solutions""]",1,fragmented
227,RM-C7-vitamin-c-cd36dbb3,2,"[""Prinova USA"", ""PureBulk""]",1,fragmented
228,RM-C7-zinc-d01732ec,2,"[""Jost Chemical"", ""Prinova USA""]",1,fragmented
230,RM-C8-natural-french-vanilla-flavor-440891d7,2,"[""Gold Coast Ingredients"", ""Virginia Dare""]",1,fragmented
231,RM-C8-organic-cane-sugar-a6aae34c,2,"[""Ingredion"", ""Prinova USA""]",1,fragmented
232,RM-C8-sunflower-lecithin-f6a00a49,2,"[""ADM"", ""Cargill""]",1,fragmented
233,RM-C8-whey-protein-isolate-057891ce,2,"[""Actus Nutrition"", ""Prinova USA""]",1,fragmented
236,RM-C9-ascorbic-acid-ee968c4e,2,"[""Prinova USA"", ""PureBulk""]",1,fragmented
244,RM-C9-vitamin-c-46b8181f,2,"[""Prinova USA"", ""PureBulk""]",1,fragmented
245,RM-C9-vitamin-d-f836407b,2,"[""Prinova USA"", ""PureBulk""]",1,fragmented
246,RM-C9-vitamin-d3-1ac68852,2,"[""Prinova USA"", ""PureBulk""]",1,fragmented
249,RM-C9-zinc-eab3b1ef,2,"[""Jost Chemical"", ""Prinova USA""]",1,fragmented
250,RM-C9-zinc-oxide-d758de8e,2,"[""Jost Chemical"", ""PureBulk""]",1,fragmented
